Tweet;Tweet_Parsed;True_Label;Pred_Label
Min, normal ke kalau iPhone 11/11 Pro /Pro Max baru pakai beberapa bulan battery capacity dah drop to 96%?;admin normal pakai baterai kapasitas turun;baterai negatif;baterai negatif
Iphone 11 pro max kamera depannya jelek ye? Gua liat liat para usernya kalo pada selfie harus foto didepan cermin pake kamera belakang soalnya;kamera depannya jelek liat liat pengguna foto harus foto didepan cermin kamera;kamera negatif;kamera negatif
Apple meluncurkan iPhone 11 dengan peningkatan daya tahan baterai yang lebih besar, sayangnya itu tak berlaku untuk pembaruan software Apple.  https://inet.detik.com/consumer/d-5085002/pengguna-iphone-protes-baterai-boros-saat-update-ios-1351?utm_term=echoboxauto&utm_campaign=detikcomsocmed&utm_medium=oa&utm_content=detikinet&utm_source=Twitter#Echobox=1594197912ÃÂ Ã¢â¬Â¦;meluncurkan peningkatan daya tahan baterai lebih besar sayangnya tidak berlaku pembaruan perangkat lunak;baterai positif;baterai positif
Hasil kamera xiaomi note 10 bisa di adulah sama iphone 11 promax Ã°Å¸ËÂÃ°Å¸Â¤Â©, sejauh yang pernah sya gunakan ini better sih darpda iphone 11 promax  pic.twitter.com/F05lktSe5w;hasil kamera xiaomi note bisa adulah lebih baik;kamera positif;kamera positif
Persahabatan memang lebih indah kalau diabadikan dengan kamera belakang iPhone 11 Pro Max.;persahabatan lebih indah diabadikan kamera;kamera positif;kamera positif
Iphone 11 pun menarik;menarik;general positif;general positif
Tidak murah sbb iphone 12 skrin sama besar dgn iphone 11 pro. harga iphone 12 x wajar compared dgn iphone 11. Conclusionnya, mahal.  https://twitter.com/xaviernaxa/status/1280661321323700225ÃÂ Ã¢â¬Â¦;tidak murah layar besar harga wajar dibanding kesimpulan mahal;harga negatif,general positif;harga negatif,general positif
tahun kemarin pas iphone 11 rilis, mata langsung tertuju sama warnanya. ada warna ungu! naksir berat dong. kapan lagi produk apple yang ngeluarin warna ungu?? alhamdulillah beberapa bulan kemudian kesampean beli. hp borahae Ã°Å¸âÂ±Ã°Å¸âÅ #BTSARMY #2020BTSFESTA @BTS_twt pic.twitter.com/M4EIUknKvl;kemarin rilis mata langsung warnanya warna ungu tertarik berat produk mengeluarkan warna ungu alhamdulillah terwujud beli;general positif;general positif
Iphone 11 terbaik;terbaik;general positif;general positif
Like bodo sia iPhone 11 battery capacity cepat gila drop. Aku geram  https://twitter.com/hzqaimannn/status/1279079353708474370ÃÂ Ã¢â¬Â¦;suka bodoh baterai kapasitas cepat sekali turun marah;baterai negatif;baterai negatif
Ha mai amik aku lu. Sebab dengan iphone 11 ni aku mampu merecord video pala dengan penuh HD;mampu merekam video kepala penuh hd;kamera positif;kamera positif
iphone 11, karena iphone 11 lebih terbaru daripada iph xs max. and dari spek juga bagusan iph 11;lebih terbaru spek bagusan;spesifikasi positif;spesifikasi positif
"Emang iphone11 ini lucu2 warnanya, yg lavender juga lucuu...
Btw aku salfok sama caption nya sih Ã°Å¸Â¤Â£";lucu warnanya ungu bagus salah fokus judul;general positif;general positif
"Kelanjutan dari ""Zan gapunya iphone..."" (buat testing app) Pngn punya iphone (11) tp boros bgt belinya mahal and then God gives me (better alternative bcs its free) in a unexpected way. Iya iya punya kantor trs bukan tipe baru tp seneng~ Makasi bosku & universe Ã°Å¸ââ¹Ã°Å¸ââ¹Ã°Å¸ââ¹ Ã°Å¸Ëâ  pic.twitter.com/1uAKqTbAwb";kelanjutan zan gapunya percobaan aplikasi ingin boros sekali belinya mahal bagus lebih baik alternatif gratis tidak menyangka iya iya kantor bukan tipe seneng makasi bosku dunia;harga negatif;harga negatif
Aku suka batery iphone 11 walaupon  capasity batery nya hanya 3000mhw tapi performance nya lebih baik daripada smartfone android yang berkapasiti 3000mhw .Satu sebab saya tak suka pakai android sebab batery nya selalu baterynya down mendadak;suka baterai walaupun kapasitas baterai hanya mhw penampilan lebih baik smartfone android berkapasiti mhw tidak suka pakai android baterai baterai turun mendadak;baterai negatif;baterai negatif
wowowoowow iphone iphone iphone 11 pro;wow;general positif;general positif
dosenku iphone 11 ganti jd samsung s20 nder, brrti iphone bosenin wkwk;dosenku ganti samsung membosankan;general negatif;general negatif
Knp iphone 11 aku tiba2 blank dekat sejam, smpai aku terpaksa letak dlm beras sbb dia blank dan phone jd panas lepas sejam letak dlm beras phone nyala lepastu battery habis padahal sblm padam tu battery full kot..adakah ini normal??;mati sejam terpaksa letak beras mati panas sejam letak beras nyala baterai habis mati baterai full adakah normal;baterai negatif;baterai negatif
"@iphonefess halo sore ka, mau nanya nih. iPhone 11 Pro Max ku kemarin kehabisan baterai, terus aku charger eh jadi lama banget. Seharian cuma masuk sekitar 40%. Lambang charging nyala, n semua normal ngga panas. Kira2 apanya ka?
Tolong dibantu ya, tks Ã°Å";iphonefess halo sore ka ku kemarin kehabisan baterai charger eh lama sekali seharian cuma masuk sekitar lambang charger nyala n normal ngga panas apanya ka dibantu terimakasih;baterai negatif;baterai negatif
Kl aku pake seperlunya, buat medsos, foto, urusin online shop masih aman sih. Kualitas kamera jg bagus. Tp kl cari yg nilainya masih tinggi tahun2 ke depannya yaa iphone 11, kl ip x aja skrg 7 jt udh dapet.;media sosial foto urusin online shop masih aman kualitas kamera bagus cari nilainya masih tinggi depannya yaa jt udah dapet;kamera positif;kamera positif
yaallah tergoda iphone 11 warna biru. eh apase warna sebenere. pokok biru jareku;yaallah tergoda warna biru eh warna sebenere pokok biru suka;general positif;general positif
"Beli iphone 11 kemaren niat nya cuman mau beli mouse buat laptop, trus iseng nanya Ã¢â¬Åini berapa bang? Yg warna itu? Ternyata dikasih 11 pro biasa kecil ga sadar.
2hari kmudian nanya ke salesnya Ã¢â¬Åkok kecil ku mau yg max brp? Ã¢â¬ÅYdh ambil silver 256gb.

Riyalife tamat.";beli kemaren niat cuman beli mouse laptop iseng bang warna dikasih biasa kecil tidak sadar kmudian salesnya kecil ku yasudah ambil silver gb riyalife tamat;general negatif;general negatif
IPHONE 11 GUE GAK BOLEH DIPAKE MAIN RP ANJRIT.;gue tidak main rp;general negatif;general negatif
"Sejak p10 sebenernya sdh gak kekejar sama iphone, tp sejak iphone 11 pro sptnya apple sdh mulai mau ngejar sih secara kualitas foto kalau dicetak.
Jeleknya kalau skrg jalan2 jadi males bawa kamera beneran, karena kamera hpku sdh pada bisa diandalkanÃ°Å¸Â¤Â£Ã°Å¸Â¤Â£Ã°Å¸Â¤Â£Ã°Å¸ËÂ";p tidak kekejar raih kualitas foto dicetak jeleknya jalan malas bawa kamera beneran kamera hpku bisa diandalkan;kamera positif;kamera positif
Charge iphone 11 lambat nya minta ampooon Ã°Å¸Ëâ;charge lambat ampun;baterai negatif;baterai negatif
Oh terus kalo iphone kameranya yang bisa selfie wide baru iphone 11, lu samsung aja biar kalo kita selfie bareng gampang WKWKWKWKWK;kameranya bisa foto wide samsung biar foto bareng gampang wkwkwkwkwk;kamera positif;kamera positif
iphone 11 camera sampah haha kalau 11 pro, pro max okay. iphone bab video dia power, kalau bab gambar huawei power lagi.;kamera sampah ok bab video power bab gambar huawei power;kamera negatif;kamera negatif
Multitasking smooth.. tapi screen iPhone 11 pro sekalipun saya dah uji masih tak smooth;multitasking halus layar uji masih tidak halus;general negatif;general negatif
iphone 11 pro dipegang park haejin jadi kaya kecil bangett  pic.twitter.com/DLw5NdEgau;dipegang park haejin kaya kecil sekali;general negatif;general negatif
Beda market man, jelas. Iphone 11 bukan buat fanboy, ngincer user yg baru mau masuk atau naik ke touch id less tp ga mikirin kualitas bahan sih;beda pasar man jelas bukan fanboy ngincer pengguna masuk touch id less tidak mikirin kualitas bahan;general negatif;general negatif
Ambil iphone 11. Saya baru tukar ke iphone SE dari Huawei P20. Battery agak mengecewakan tapi performance lain sangat superb.;ambil tukar huawei p baterai agak mengecewakan penampilan sangat;baterai negatif;baterai negatif
Tergantung kebutuhan, tp kalo buat sehari2 ya pilih iphone 11 pro max ajah.;tergantung kebutuhan sehari pilih ajah;general positif;general positif
Iphone 11 yg ungu cute bgt astaga :');ungu cute sekali astaga;general positif;general positif
nak iphone 11 warna hijau tuÃ°Å¸ËÂ­Ã°Å¸ËÂ­;ingin warna hijau;general positif;general positif
kamera iphone 11 lebih jernih daripada mataku;kamera lebih jernih mataku;kamera positif;kamera positif
"Ampe ntar android jg kebagian... 

Pembedanya nanti kualitas voice record nya aja.. iPhone 11 pro dan max emang cakep hasil record nya";ampe ntar android kebagian pembedanya kualitas voice record bagus hasil record;general positif;general positif
Multitasking smooth.. tapi screen iPhone 11 pro sekalipun saya dah uji masih tak smooth;multitasking halus layar uji masih tidak halus;general negatif;general negatif
Iyaaa iPhone 11 Purple & Green emang paling favorit sih. Cakep banget warnanya, kak Ã°Å¸Â¥Â°Ã°Å¸Â¤Â©;iya ungu hijau favorit bagus sekali warnanya kak;general positif;general positif
Baru iphone 11 keatas yg ada pake slowmo di kamera depan;keatas slowmo kamera;kamera positif;kamera positif
Iphone 11 pro max ccd banget ngentot!!!!;cacat sekali;general negatif;general negatif
Terus juga banyak yg blg iphone 11 itu kamera depannya kurang. Coba aja cari di youtube bnyak yg bahas.;bicara kamera depannya kurang coba cari youtube bahas;kamera negatif;kamera negatif
Aku pengen iphone 11 minn biar makin cakeppp kalo mau foto produkÃ°Å¸ËÂ­Ã°Å¸ËÂ­Ã°Å¸ËÂ­ #ReaquestGAShopee;biar makin bagus foto produk reaquestgashopee;kamera positif;kamera positif
Terbaik bro ! Apa apa pun iphone 11 mmg terbaik for midrange phone Ã°Å¸Ëâ;terbaik terbaik midrange;general positif;general positif
Fitur NFC di iPhone kini bisa digunakan untuk mengecek saldo hingga melakukan top-up e-money Bank Mandiri. #iPhone11 #NFC pic.twitter.com/ZHfVdQxkms;fitur nfc bisa mengecek saldo hingga top e money bank mandiri nfc;general positif;general positif
Bjingan buka twitter di iphone 11 tapi di safarinya ya giniÃ°Å¸â¢â;buka twitter safarinya;general positif;general positif
iphone11 emang cute bgt, pantes cewek-cewek pada beli.;cute sekali pantes cewek cewek beli;general positif;general positif
Berikut merupakan kapasiti mAh bagi iPhone 11 iPhone 11 - 3,110 mAh iPhone 11 Pro - 3,046 mAh iPhone 11 Pro Max - 3,969 mAh Berdasarkan perbandingan ini, iPhone 11 mempunyai mAh lebih tinggi berbanding iPhone 12.;kapasitas mah mah mah mah berdasarkan perbandingan mah lebih tinggi berbanding;baterai positif;baterai positif
Aku sih mending yg memory besaaar. Iphone11 udah cukup bgt koook;lebih baik memori besar udah cukup sekali;spesifikasi positif;spesifikasi positif
Berdasarkan laporan ini, saya boleh buat konklusi bahawa Apple menurunkan kapasiti mAh disebabkan mereka percaya cip A14 Bionic mampu memberikan jangka hayat yang sama seperti iPhone 11.;berdasarkan laporan kesimpulan bahawa menurunkan kapasitas mah disebabkan percaya chipset bionic mampu jangka tahan;baterai negatif,spesifikasi positif;baterai negatif,spesifikasi positif
Lol.. Naksirrrrr banget sama ungu pastel nya iphone 11 Ã°Å¸Â¥Âº;menyukai sekali ungu pastel;general positif;general positif
Kalo kamera bagusan xs max dripda iphone 11. Mending kalo mau 11, langsung 11 promax aja.;kamera bagusan dripda lebih baik langsung;kamera positif;kamera positif
Sumpah bt bgt iphone 11 tuh ngecharge lama bgt gue kl mgecharge full bs 3 jam an dan baru ngesearch di google emg gt hrs beli fast chargingnya lg yg pro dan promax udh dpt charger fast charging hhh kesel  pic.twitter.com/r3berIG4iO;bt sekali tuh charge lama sekali gue charge full bisa jam ngesearch google emang hrs beli cepat chargingnya lg udah dpt charger cepat charger kesel;baterai negatif;baterai negatif
hasil gambar menggunakan kamera mode wide angle sangat cantik dan natural;hasil gambar kamera mode wide angle sangat cantik natural;kamera positif;kamera positif
harga Iphone X terhitung agak tinggi namun tidak akan kecewa setelah membelinya;harga terhitung agak tinggi tidak kecewa membelinya;harga negatif;harga negatif
desainnya emang paling unik dan simpel;desainnya unik simpel;general positif;general positif
sayangnya produk Iphone ini sangat rentan terjadi lecet sehingga pengguna harus menggunakan case hp;sayangnya produk sangat rentan lecet pengguna harus case;general negatif;general negatif
pilihan case Iphone X dan Iphone 11 sangat beragam dan mudah ditemukan;pilihan case sangat beragam mudah ditemukan;general positif;general positif
selalu suka dan nyaman banget menggunakan Iphone;suka nyaman sekali;general positif;general positif
kualitas gambar yang jernih membuat para pengguna tidak pernah kecewa membelinya;kualitas gambar jernih pengguna tidak kecewa membelinya;kamera positif;kamera positif
Iphone X tidak memiliki fitur pemindai sidik jari yang dianggap jauh lebih cepat dan mudah sehingga banyak pengguna yang kecewa;tidak memiliki fitur pemindai sidik jari dianggap lebih cepat mudah pengguna kecewa;general negatif;general negatif
desain Iphone X terlihat hambar dan sedikit membosankan;desain hambar sedikit membosankan;general negatif;general negatif
sayangnya baterai iphone sangat boros;sayangnya baterai sangat boros;baterai negatif;baterai negatif
hasil pengambilan gambar dan video saat malam hari sangat memuaskan;hasil pengambilan gambar video malam sangat memuaskan;kamera positif;kamera positif
resolusi gambar dan video yang dihasilkan sangat bagus sehingga ketika di zoom tidak pecah;resolusi gambar video dihasilkan sangat bagus zoom tidak pecah;kamera positif;kamera positif
pilihan warna pada Iphone sangat unik dan tidak membosankan;pilihan warna sangat unik tidak membosankan;general positif;general positif
Iphone 11 memiliki fitur yang dapat mengatur keburaman latar belakang foto yang dapat menjadikan foto terlihat fokus pada satu objek;memiliki fitur mengatur keburaman latar foto menjadikan foto fokus objek;kamera positif;kamera positif
pengisian daya pada Iphone 11 super cepat;pengisian daya super cepat;baterai positif;baterai positif
Iphone 11 Pro didesain dengan dimensi layar yang lebih kecil sehingga nyaman untuk digenggam;didesain dimensi layar lebih kecil nyaman digenggam;general positif;general positif
Iphone 11 Pro memiliki tingkat kecerahan yang lebih baik;memiliki tingkat kecerahan lebih baik;general positif;general positif
kamera telefoto dan kamera ultra-wide masih terasa kurang greget;kamera telefoto kamera ultra wide masih kurang greget;kamera negatif;kamera negatif
Iphone 11 Pro tidak menyediakan lubang audio;tidak menyediakan lubang audio;general negatif;general negatif
baterai nya awet deh bisa seharian main tiktok;baterai awet bisa seharian main tiktok;baterai positif;baterai positif
ukuran layarnya sedikit kecil agak susah nih mau ngegame;ukuran layarnya sedikit kecil agak susah ngegame;general negatif;general negatif
fitur-fitur kameranya bikin hasil foto cantik banget deh;fitur fitur kameranya hasil foto cantik sekali;kamera positif;kamera positif
walaupun harganya sangat mahal tapi spesifikasinya sangat baik;walaupun harganya sangat mahal spesifikasinya sangat baik;harga negatif,spesifikasi positif;harga negatif,spesifikasi positif
makin banyak nih video tiktok aku karena hasilnya jernih banget;makin video tiktok hasilnya jernih sekali;kamera positif;kamera positif
jalan-jalan makin puas nih karena bisa dapatin foto-foto yang bagus;jalan jalan makin puas bisa dapatin foto foto bagus;kamera positif;kamera positif
Iphone 11 Pro tidak memiliki RAM yang cukup besar hanya 4GB;tidak memiliki ram cukup besar hanya gb;spesifikasi negatif;spesifikasi negatif
sayangnya ngecas iphone sehari bisa sampai 2 atau 3 kali;sayangnya charge sehari bisa sekali;baterai negatif;baterai negatif
aplikasi di iphone rata-rata banyak berbayar;aplikasi berbayar;general negatif;general negatif
baterai sangat boros sehingga selalu membawa cas kemana-mana;baterai sangat boros membawa cas kemana;baterai negatif;baterai negatif
banyak yang komen kamera 3 nya kayak kompor ih;komen kamera kayak kompor;kamera negatif;kamera negatif
gaada efek glowingnya nih kamera;tidak efek glowingnya kamera;kamera negatif;kamera negatif
sumpah biasa aja nih kameranya ga ada bagus bagusnya;biasa kameranya tidak bagus bagusnya;kamera negatif;kamera negatif
udah kayak minuman boba aja tu kamera banyak bener;udah kayak minuman boba kamera;kamera negatif;kamera negatif
lebih irit baterainya dari varian sebelumnya;lebih irit baterainya varian;baterai positif;baterai positif
boros banget gila baterainya;boros sekali sekali baterainya;baterai negatif;baterai negatif
jadi nyesel beli iphone kalau tau baterai nya boros begini;menyesal beli tau baterai boros;baterai negatif;baterai negatif
sumpah ya baru main sejam udah habis aja ini baterai;main sejam udah habis baterai;baterai negatif;baterai negatif
baterai nya ga bisa dicopot nih;baterai tidak bisa dicopot;baterai negatif;baterai negatif
udah kayak air terjun nih baterai cepat banget ngalirnya;udah kayak air terjun baterai cepat sekali ngalirnya;baterai negatif;baterai negatif
kalau jatuh keliatan lecetnya karna desainya mengkilap;jatuh keliatan lecetnya karna desainya mengkilap;general negatif;general negatif
bisnis aku makin lancar deh kalau perfomanya kayak gini;bisnis makin lancar perfomanya kayak;general positif;general positif
sayang ini RAM nya hanya 3GB;sayang ram hanya gb;spesifikasi negatif;spesifikasi negatif
fitur sidik jari dihapus kan jadi ribet;fitur sidik jari dihapus ribet;general negatif;general negatif
sebel banget tombol tengahnya dihilangkan;kesal sekali tombol tengahnya dihilangkan;general negatif;general negatif
ih cuman ada memori internal nih gaada memori eksternalnya;cuman memori internal tidak memori eksternalnya;spesifikasi negatif;spesifikasi negatif
sebel banget lubang audio nya gaada;kesal sekali lubang audio tidak;general negatif;general negatif
fitur-fiturnya banyak diganti nih jadi agak ribet;fitur fiturnya diganti agak ribet;general negatif;general negatif
agak kecewa sih RAM nya ga meningkat;agak kecewa ram tidak meningkat;spesifikasi negatif;spesifikasi negatif
wajar sih harga nya segitu karena pemakaiannya dalam jangka lama;wajar harga segitu pemakaiannya jangka lama;harga positif;harga positif
harga iphone x masih terjangkau kok;harga masih terjangkau;harga positif;harga positif
barang bermerek dengan harga segitu wajar dong;barang bermerek harga segitu wajar;harga positif;harga positif
ada kualitas ada harga wkwk;kualitas harga;harga positif;harga positif
ga turun turun nih harganya iphone tetap aja tinggi;tidak turun turun harganya tinggi;harga negatif;harga negatif
kamera iphone 11 sedikit lebih bagus dibanding pesaingnya dan untuk kualitas hasil jepretannya juga oke;kamera sedikit lebih bagus dibanding pesaingnya kualitas hasil jepretannya oke;kamera positif;kamera positif
Ngga suka sekali warna merah buat iphone 11;ngga suka sekali warna merah;general negatif;general negatif
Baterai iphone x dan 11 ngga ada bedanya, sangat boros;baterai ngga bedanya sangat boros;baterai negatif;baterai negatif
Dari segi harga emang keduanya sama mahalnya tapi kualitas kamera tetep ip 11 dihati;segi harga mahalnya kualitas kamera tetep dihati;harga negatif,kamera positif;harga negatif,kamera positif
Spek ip X dan 11 ngga beda jauh, biasa aja ngga terlalu hebat;spek ngga beda biasa ngga hebat;spesifikasi negatif;spesifikasi negatif
Nyesel buru-buru beli iphone X yang akhirnya spesifikasinya sama aja kayak iphone 11 wkwk;menyesal buru buru beli spesifikasinya kayak;spesifikasi negatif;spesifikasi negatif
Daya tahan baterai iphone 11 sedikit lebih baik dibanding ip X;daya tahan baterai sedikit lebih baik dibanding;baterai positif;baterai positif
harga oke lah untuk iphone 11 masih masuk sama isi kantong;harga oke masih masuk isi kantong;harga positif;harga positif
Speaker iphone X kenapa jelek banget ya kayak agak mendelep gitu;speaker jelek sekali kayak agak mendelep;general negatif;general negatif
Hasil video di iphone 11 bagus banget. Suka banget parah;hasil video bagus sekali suka sekali parah;kamera positif;kamera positif
Kecepatan charging iphone 11 lebih cepat dibanding ip X, padahal casannya sama aja. Tapi okelah...;kecepatan charger lebih cepat dibanding casannya okelah;baterai positif;baterai positif
Iphone 11 iOS nya terbaru, ngga sabar nunggu keluar. Udah liat previewnya, bagus sangat.;ios terbaru ngga sabar nunggu keluar udah liat previewnya bagus sangat;spesifikasi positif;spesifikasi positif
RAM ip 11 lebih oke 1 Gb dibanding ip X, langsung gas beli;ram lebih oke gb dibanding langsung gas beli;spesifikasi positif;spesifikasi positif
Coba kamera iphonne 11 buat pertama kali ternyata night mode keren banget hasilnya terang lebih terang dari iphone x;coba kamera iphonne sekali night mode keren sekali hasilnya terang lebih terang;kamera positif;kamera positif
pake ip 11 pro backlight selfie bisa jadi bagus;backlight foto bisa bagus;kamera positif;kamera positif
hasil poto kamera ip 11 pro ga kalah sama dslr bro;hasil poto kamera tidak kalah dslr;kamera positif;kamera positif
ternyata kameranya ga sebagus yang orang bilang tuh;kameranya tidak sebagus orang bilang tuh;kamera negatif;kamera negatif
kalo emang incer hp ip 11 pro cuma buat kameranya sih mending beli dslr sekalian lebih bagus;incer cuma kameranya lebih baik beli dslr lebih bagus;kamera negatif;kamera negatif
biasa aja tuh kameranya;biasa tuh kameranya;kamera negatif;kamera negatif
kok gue ga ngerasa ada perbedaan yang signifikan buat kualitas kameranya;gue tidak ngerasa perbedaan signifikan kualitas kameranya;kamera negatif;kamera negatif
ga wow banget kameranya ah, lebay;tidak wow sekali kameranya ah lebay;kamera negatif;kamera negatif
kurang bagus sih kameranya, kalau diliat dari harganya yang mahal ga setimpal banget;kurang bagus kameranya diliat harganya mahal tidak setimpal sekali;kamera negatif,harga negatif;kamera negatif,harga negatif
penempatan kameranya bikin jelek, aneh gitu jadinya liatnya;penempatan kameranya jelek aneh liatnya;kamera negatif;kamera negatif
gila ip 11 beneran fast charging 30 menit doang langsung full tuh;sekali beneran cepat charger menit langsung full tuh;baterai positif;baterai positif
Saya punya kebiasaan untuk mengisi daya ponsel sepanjang malam, dan sejauh ini kesehatan baterai masih 100%.;kebiasaan mengisi daya ponsel malam kesehatan baterai masih;baterai positif;baterai positif
Apple bilang iPhone 11 iPhone 11 Pro dan iPhone 11 Pro Max memiliki masa pakai baterai sehari tapi tidak juga tuh masa pakai baterai saya kurang dari 24 jam.;bilang memiliki pakai baterai sehari tidak tuh pakai baterai kurang jam;baterai negatif;baterai negatif
waktu isi daya baterai sampai penuh lama juga;waktu isi daya baterai penuh lama;baterai negatif;baterai negatif
aku ga ngerasa baterai hp ip 11 ini lebih awet dari ip seris lain sih, malah lebih boros;tidak ngerasa baterai lebih awet seris malah lebih boros;baterai negatif;baterai negatif
baterainya ga tahan dipakai buat seharian harus isi ulang mulu;baterainya tidak tahan dipakai seharian harus isi ulang mulu;baterai negatif;baterai negatif
dipake buat nge game ga tahan sih baterainya;nge game tidak tahan baterainya;baterai negatif;baterai negatif
ga kuat sih baterainya kalau dipake seharian;tidak kuat baterainya seharian;baterai negatif;baterai negatif
baterai nya ga kuat dipake lama lama;baterai tidak kuat lama lama;baterai negatif;baterai negatif
cepet abis baterainya;cepat abis baterainya;baterai negatif;baterai negatif
bole sih harga segitu, emang spesifikasi hp nya bagus juga;bole harga segitu spesifikasi bagus;harga positif,spesifikasi positif;harga positif,spesifikasi positif
ternyata ip 11 murah, kiarain bakal lebih mahal lagi harganya wkwk;murah kiarain lebih mahal harganya;harga positif;harga positif
harga iphone 11 murah kok, gue beli ga nyampe 10 juta;harga murah gue beli tidak nyampe juta;harga positif;harga positif
kirain harganya bakalan mahal banget ternyata engga mahal kok;kirain harganya mahal sekali engga mahal;harga positif;harga positif
ga setimapal sih menurut gue harganya, kemahalan kalo cuma buat beli hp doang mending beli laptop sekalian;tidak setimapal gue harganya kemahalan cuma beli lebih baik beli laptop;harga negatif;harga negatif
harganya ga masuk akal, bikin nangis;harganya tidak masuk akal suka;harga negatif;harga negatif
layarnya lebar, enak dipake;layarnya lebar enak;general positif;general positif
pilihan warnanya banyak banget, unik dan lucu lucu;pilihan warnanya sekali unik bagus bagus;general positif;general positif
gue suka sih sama model ip 11 ini, keliatan fresh dan unik;gue suka model keliatan fresh unik;general positif;general positif
ip 11 banyak banget pilihan warnanya, bagus semua;sekali pilihan warnanya bagus;general positif;general positif
hpnya gede tapi enak sih jadinya liat ke layar;hpnya besar enak liat layar;general positif;general positif
layarnya jelek banget, rentan retak meskipun ada pelindung layar.;layarnya jelek sekali rentan retak pelindung layar;general negatif;general negatif
ga ada yang spesial dari design hpnya, ga begitu beda dari series yang lain;tidak spesial design hpnya tidak beda series;general negatif;general negatif
layarnya gampang retak, harus pake pelindung sih;layarnya gampang retak harus pelindung;general negatif;general negatif
model hpnya ga unik tuh, modelnya mirip yang seris xr;model hpnya tidak unik tuh modelnya seris xr;general negatif;general negatif
modelnya kaya yang murahan;modelnya kaya murahan;general negatif;general negatif
layar bezelnya masih tebel kaya seris yang lama, ga enak liatanya;layar bezelnya masih tebel kaya seris lama tidak enak liatanya;general negatif;general negatif
dalam kardusnya cuma ada hp sama kabel doang, buat earpodnya harus beli terpisah;kardusnya cuma kabel earpodnya harus beli terpisah;general negatif;general negatif
spesifikasinya keren, pake chip a13 yang katanya cpu dan gpu ponsel tercepat;spesifikasinya keren chip cpu gpu ponsel tercepat;spesifikasi positif;spesifikasi positif
memori RAM nya kecil banget, gabisa pake banyak app sekaligus;memori ram kecil sekali gabisa aplikasi;spesifikasi negatif;spesifikasi negatif
kecewa sih spesifikasinya ga sekeren yang diharapkan;kecewa spesifikasinya tidak sekeren diharapkan;spesifikasi negatif;spesifikasi negatif
suka banget iphone 11 pro kamera ultra wide nya;suka sekali kamera ultra wide;kamera positif;kamera positif
resolusinya sih kaya kamera slr;resolusinya kaya kamera slr;kamera positif;kamera positif
kameranya bikin jatuh cinta;kameranya jatuh cinta;kamera positif;kamera positif
iphone makin keatas makin keren kameranya;makin keatas makin keren kameranya;kamera positif;kamera positif
beli iphone karena suka kameranya haha;beli suka kameranya;kamera positif;kamera positif
kameranya tetep tidak bikin muka glowing;kameranya tetep tidak muka glowing;kamera negatif;kamera negatif
beli iphone karena kamera doang juga masih banyak kali yang bagus;beli kamera masih sekali bagus;kamera negatif;kamera negatif
kamera apa yang beda sih kaya sama aja;kamera beda kaya;kamera negatif;kamera negatif
biasa aja kameranya;biasa kameranya;kamera negatif;kamera negatif
wah makin irit ya baterainya;wah makin irit baterainya;baterai positif;baterai positif
seneng banget charge sebentar langsung penuh;seneng sekali charge sebentar langsung penuh;baterai positif;baterai positif
lebih cepet penuh baterainya daripada iphone dibawah x;lebih cepat penuh baterainya dibawah;baterai positif;baterai positif
ganyangka kirain iphone makin keatas baterainya makin boros ternyata malah irit;ganyangka kirain makin keatas baterainya makin boros malah irit;baterai positif;baterai positif
kesel banget iphone tuh hp terboros ya soal baterai;kesel sekali tuh terboros baterai;baterai negatif;baterai negatif
rasanya pingin baterai seirit nokia tapi hp tetep iphone haha boros banget sih asli iphone;pingin baterai seirit nokia tetep boros sekali asli;baterai negatif;baterai negatif
sehari bisa berapa kali charge boros parah;sehari bisa sekali charge boros parah;baterai negatif;baterai negatif
sudah setahun kirain bakal irit ternyata makin boros baterainya;setahun kirain irit makin boros baterainya;baterai negatif;baterai negatif
harusnya kalau makin canggih, baterai juga dong daya tahan nya lebih lama;harusnya makin canggih baterai daya tahan lebih lama;baterai negatif;baterai negatif
iphone berguna bagi kalangan remaja ya;berguna kalangan remaja;general positif;general positif
yaAllah beri aku rejeki untuk membeli iphone 11 series pingin warna midnight keren banget;yaallah rejeki membeli series pingin warna midnight keren sekali;general positif;general positif
warna ungu ataupun yang midnight sama sama bagus, tapi jujur midnight lebih keren;warna ungu midnight bagus jujur midnight lebih keren;general positif;general positif
buat nonton enak sih layarnya makin gede;nonton enak layarnya makin besar;general positif;general positif
rentan banget nih lamalama iphone gampang retak jatoh sekali;rentan sekali lamalama gampang retak jatoh sekali;general negatif;general negatif
layarnya gampang retak;layarnya gampang retak;general negatif;general negatif
kalo udah jatoh rentan banget retak;udah jatoh rentan sekali retak;general negatif;general negatif
mau pake pelindung juga tetep retak;pelindung tetep retak;general negatif;general negatif
sebel banget jatoh langsung lecet pinggirannya;kesal sekali jatoh langsung lecet pinggirannya;general negatif;general negatif
menurut ku sih sesuai ya harga dengan spesifikasinya;ku sesuai harga spesifikasinya;harga positif,spesifikasi positif;harga positif,spesifikasi positif
okelah harga segitu buat spesifikasi yang keren gini;okelah harga segitu spesifikasi keren;harga positif,spesifikasi positif;harga positif,spesifikasi positif
kata orang mahal, tapi menurut ku ya ada harga ada kualitas;orang mahal ku harga kualitas;harga positif;harga positif
saya yang sudah lama menjadi iphone user, saat mengetahui harga iphone 11 ya normal emang segitu kan;lama pengguna harga normal segitu;harga positif;harga positif
menurut saya wajar aja harga segitu buat iphone x series ataupun 11 series, karena target pasar nya iphone memang segitu;wajar harga segitu series series target pasar segitu;harga positif;harga positif
menguras dompet banget ya harganya;menguras dompet sekali harganya;harga negatif;harga negatif
wah aku kaget melihat harganya, rasa ingin menjadi sultan seketika biar bisa beli;wah kaget harganya ingin sultan seketika biar bisa beli;harga negatif;harga negatif
mahal banget, letak murah nya dari segi apa sih buat yang bilang harganya murah;mahal sekali letak murah segi bilang harganya murah;harga negatif;harga negatif
spesifikasi nya lancar sih kalo lagi menjalankan usaha online;spesifikasi lancar menjalankan usaha online;spesifikasi positif;spesifikasi positif
aku kira spesifikasinya bakal sama terus, ternyata ada aja yang bikin seneng buat punya iphone ini;spesifikasinya seneng;spesifikasi positif;spesifikasi positif
selalu berasa kurang woy pake ram nya, langsung penuh padahal kaya baru dikit install aplikasi nya;berasa kurang woy ram langsung penuh kaya dikit install aplikasi;spesifikasi negatif;spesifikasi negatif
memori RAM nya sih yang bikin maju mundur buat beli, merasa kurang;memori ram maju mundur beli kurang;spesifikasi negatif;spesifikasi negatif
suka banget ih sama kameranya iphone x bagus banget aku jadi glowing glowing manja gitu;suka sekali kameranya bagus sekali glowing glowing manja;kamera positif;kamera positif
iphone x cuma 2716 mAh tapi harganya sampe 10 juta lebih gak cocok banget sih;cuma mah harganya sampe juta lebih tidak cocok sekali;baterai negatif,harga negatif;baterai negatif,harga negatif
RAM 3 GB doang nyesel beli iphone x gak bisa dipake buat main CODM;ram gb menyesal beli tidak bisa main codm;spesifikasi negatif;spesifikasi negatif
haha iya sih iphone kameranya emang terbaik tapi gak suka sama baterainya yang cepet abis;iya kameranya terbaik tidak suka baterainya cepat abis;kamera positif,baterai negatif;kamera positif,baterai negatif
masih bahas tentang iphone nih, kenapa gua suka banget iphone karena baterainya itu awet bagus banget guys cocok buat yang suka main hp seharian;masih bahas suka sekali baterainya awet bagus sekali cocok suka main seharian;baterai positif;baterai positif
iphone speakernya jelek ah gak suka kresek kresek gitu;speakernya jelek ah tidak suka kresek kresek;general negatif;general negatif
apaan nih iphone ih benci banget sama hp kayak gini masa chargernya baru sebulan udah rusak;benci sekali kayak chargernya sebulan udah rusak;baterai negatif;baterai negatif
iphone hp berkelas, kameranya terbaik suka banget deh banyak juga youtuber yang pake iphone;berkelas kameranya terbaik suka sekali youtuber;kamera positif;kamera positif
menurut gue iphone itu harganya lumayan mahal sih dan gak sesuai sama spesifikasinya yang kurang bagus;gue harganya lumayan mahal tidak sesuai spesifikasinya kurang bagus;harga negatif,spesifikasi negatif;harga negatif,spesifikasi negatif
iphone beranjak bangkrut spesifikasi jauh dari seharusnya bagai bintang yang jatuh mati lebih cepat;beranjak bangkrut spesifikasi seharusnya bintang jatuh mati lebih cepat;spesifikasi negatif;spesifikasi negatif
speaker iphone menggonggong bak suara anjing bangsat;speaker menggonggong bak suara anjing bangsat;general negatif;general negatif
bun aku masih tak mengerti iphone harga mahalnya berenang di kepala;bun masih tidak mengerti harga mahalnya berenang kepala;harga negatif;harga negatif
aku masih ada sampai di sini pakai iphone susah setengah mati UI UX nya gak bisa diganti apa ah;masih pakai susah mati ui ux tidak bisa diganti ah;general negatif;general negatif
aku masih ada sampai di sini pakai iphone lemot setengah mati spesifikasinya parah banget dah;masih pakai lambat mati spesifikasinya parah sekali;spesifikasi negatif;spesifikasi negatif
kau memang hp sedikit fitur bolehkah aku banting aja iphone kampret;kau sedikit fitur banting kampret;general negatif;general negatif
kau memang hp tak kasat rasa masang harga mahal gila iphone gak ngotak;kau tidak kasat masang harga mahal sekali tidak ngotak;harga negatif;harga negatif
tadi pagi aku masih menangis pada iphone yang harganya mahal naudzubillah;pagi masih menangis harganya mahal naudzubillah;harga negatif;harga negatif
katanya mimpiku kan terwujud tapi fitur iphone itu mimpi buruk;mimpiku terwujud fitur mimpi buruk;general negatif;general negatif
sempat berpikir masih bermimpi bertahun berlanjut pakai iphone warna mu yang memudar saksinya akhirnya aku ganti aja jelek amat sih ini iphone;berpikir masih bermimpi bertahun berlanjut pakai warna memudar saksinya ganti jelek;general negatif;general negatif
Lah ini RAM segini doang seriusan iphone nih jelek banget mending advan dah;ram segini seriusan jelek sekali lebih baik advan;spesifikasi negatif;spesifikasi negatif
seriusan nih gak ada memori eksternalnya ya ampun hp macam apa ini buruk sekali;seriusan tidak memori eksternalnya ampun buruk sekali;spesifikasi negatif;spesifikasi negatif
iphone 11 ni hp apa dumbell sih gua pake tiga hari bicep gua gede berat amat ah jelek;dumbell bicep besar berat ah jelek;general negatif;general negatif
ukurannya kegedan coy gak bisa masuk saku jelek banget dah ni hp;ukurannya kegedan coy tidak bisa masuk saku jelek sekali;general negatif;general negatif
iphone kameranya penuh kepalsuan penipu munafik calon penghuni neraka bakar aja ni hp;kameranya penuh kepalsuan penipu munafik calon penghuni neraka bakar;kamera negatif;kamera negatif
iphone gak cocok buat foto jarak dekat jadi fotonya harus dari jauh udah kayak hubungan kita yang jauh;tidak cocok foto jarak fotonya harus udah kayak hubungan;kamera negatif;kamera negatif
pada lebay banget sih sama kamera iphone padahal gitu doang biasa aja malah menurut gue kurang;lebay sekali kamera biasa malah gue kurang;kamera negatif;kamera negatif
iphone kameranya gak bagus di tempat gelap gan;kameranya tidak bagus gelap gan;kamera negatif;kamera negatif
bentuknya bagus suka sama bentuk iphone;bentuknya bagus suka bentuk;general positif;general positif
speaker nya mantap coy suaranya jernih keren iphone;speaker mantap coy suaranya jernih keren;general positif;general positif
layarnya jernih cocok buat nonton anime pake iphone;layarnya jernih cocok nonton anime;general positif;general positif
suka deh sama warna iphone x;suka warna;general positif;general positif
kualitas bagus harganya ya sesuai lah untuk iphone;kualitas bagus harganya sesuai;harga positif;harga positif
bagi gua sih iphone murah ya kualitas juga oke jadi harganya pas lah;murah kualitas oke harganya;harga positif;harga positif
harga iphone emang udah paling pas;harga udah;harga positif;harga positif
murah kok harganya cuma nabung 3 bulan juga udah kebeli iphone;murah harganya cuma nabung udah kebeli;harga positif;harga positif
kualitas oke harga juga pas mantap iphone;kualitas oke harga mantap;harga positif;harga positif
cari hp berkualitas dan harga terjangkau ya iphone;cari berkualitas harga terjangkau;harga positif;harga positif
pas kok harga sama kualitas kalo untuk iphone;harga kualitas;harga positif;harga positif
spesifikasi iphone bagus banget terbaik;spesifikasi bagus sekali terbaik;spesifikasi positif;spesifikasi positif
kamera iphone susah fokus jelek ah;kamera susah fokus jelek ah;kamera negatif;kamera negatif
beli iphone karena kameranya tapi ternyata bikin kecewa;beli kameranya kecewa;kamera negatif;kamera negatif
baterainya awet kok bagus juga iphone;baterainya awet bagus;baterai positif;baterai positif
baterai terbaik ya iphone;baterai terbaik;baterai positif;baterai positif
iphone emang baterainya terbaik sih;baterainya terbaik;baterai positif;baterai positif
iphone baterai ampas cepet abis;baterai ampas cepat abis;baterai negatif;baterai negatif
iphone baterainya kayak tai;baterainya kayak tai;baterai negatif;baterai negatif
baterai iphone kayak anjing;baterai kayak anjing;baterai negatif;baterai negatif
baterai iphone bangsat anjing tai babi;baterai bangsat anjing tai;baterai negatif;baterai negatif
baterai iphone boros bangsat;baterai boros bangsat;baterai negatif;baterai negatif
ukurannya ideal banget jadi enak pas digenggam;ukurannya ideal sekali enak digenggam;general positif;general positif
buat main oke banget sih desainnya;main oke sekali desainnya;general positif;general positif
bisa dibilang iphone 11 ini ideal banget dari desain dan fitur nya;bisa dibilang ideal sekali desain fitur;general positif;general positif
pilihan warna nya sangat menarik sampai bingung memilihnya;pilihan warna sangat menarik bingung memilihnya;general positif;general positif
desain nya premium banget saya suka;desain premium sekali suka;general positif;general positif
bentuknya desainnya bagus banget simpel tapi keren;bentuknya desainnya bagus sekali simpel keren;general positif;general positif
hp nya lumayan berat jadi gak bisa main permainan terlalu lama;lumayan berat tidak bisa main permainan lama;general negatif;general negatif
masalah iphone 11 tuh hp nya agak berat ya;masalah tuh agak berat;general negatif;general negatif
agak kurang sih menurut saya layar nya;agak kurang layar;general negatif;general negatif
menurut saya kegedean sih layarnya;kegedean layarnya;general negatif;general negatif
ukurannya gede jadi gak bisa masuk saku;ukurannya besar tidak bisa masuk saku;general negatif;general negatif
menyesal beli iphone 11 sebab super berat untuk tangan saya;menyesal beli super berat tangan;general negatif;general negatif
poni di atas layar mengganggu banget;poni layar mengganggu sekali;general negatif;general negatif
iphone tuh terlalu eksklusif jadi susah nyambung kemanamana ga kaya android;tuh eksklusif susah nyambung kemanamana tidak kaya android;general negatif;general negatif
wajar sih harga segini karena emang bagus banget;wajar harga segini bagus sekali;harga positif;harga positif
asli emang bener hp ini sesuai dengan harganya mantap emang;asli sesuai harganya mantap;harga positif;harga positif
iPhone X kini jauh lebih murah;lebih murah;harga positif;harga positif
harga iphone x sudah lebih terjangkau;harga lebih terjangkau;harga positif;harga positif
puas banget sih harga segini apalagi dipake buat bisnis ga lemot;puas sekali harga segini bisnis tidak lambat;harga positif;harga positif
menurut gue harga iphone tuh sesuai sama kualitasnya;gue harga tuh sesuai kualitasnya;harga positif;harga positif
harganya lumayan mahal sih untuk rakyat jelata kaya aku;harganya lumayan mahal rakyat jelata kaya;harga negatif;harga negatif
harganya mahal bikin ciut untuk membeli;harganya mahal ciut membeli;harga negatif;harga negatif
salah satu kelemahannya adalah harganya yang sangat mahal;salah kelemahannya harganya sangat mahal;harga negatif;harga negatif
speknya mantap banget main pubg ga lemot;speknya mantap sekali main pubg tidak lambat;spesifikasi positif;spesifikasi positif
speknya bagus jadi enak banget buat main game dan buat kerja;speknya bagus enak sekali main game kerja;spesifikasi positif;spesifikasi positif
suka banget ios pasti premium kualitasnya;suka sekali ios premium kualitasnya;spesifikasi positif;spesifikasi positif
spesifikasi iphone x lebih unggul dari segi performa;spesifikasi lebih unggul segi performa;spesifikasi positif;spesifikasi positif
RAM kecil banget kapasitasnya;ram kecil sekali kapasitasnya;spesifikasi negatif;spesifikasi negatif
ya sayangnya kaga ada memori eksternal;sayangnya kaga memori eksternal;spesifikasi negatif;spesifikasi negatif
tibatiba disuruh install aplikasi absen sama sekolah tapi di iphone gabisa soalnya ram nya kecil;tibatiba disuruh install aplikasi absen sekolah gabisa ram kecil;spesifikasi negatif;spesifikasi negatif
hasil fotonya lebih bagus daripada versi sebelumnya;hasil fotonya lebih bagus versi;kamera positif;kamera positif
Wow bisa bikin video keren pake kamera depan;wow bisa video keren kamera;kamera positif;kamera positif
hasil foto pake kamera iphone 11 bagus banget kaya pake kamera dslr;hasil foto kamera bagus sekali kaya kamera dslr;kamera positif;kamera positif
buat foto jarak jauh mantap banget ga burem sama sekali;foto jarak mantap sekali tidak burem sekali;kamera positif;kamera positif
hasil foto udah kaya pake kamera level profesional;hasil foto udah kaya kamera level profesional;kamera positif;kamera positif
kameranya super bagus hasilnya kaya dilihat pake mata langsung;kameranya super bagus hasilnya kaya mata langsung;kamera positif;kamera positif
kalo mau foto jarak dekat kurang bagus nih lensa kamera nya;foto jarak kurang bagus lensa kamera;kamera negatif;kamera negatif
ribet dah kalo selfie pake iphone harus pake filter soalnya hasilnya terlalu realistis jadi gue keliatan jeleknya;ribet foto harus filter hasilnya realistis gue keliatan jeleknya;kamera negatif;kamera negatif
gampang lecet kamera nya;gampang lecet kamera;kamera negatif;kamera negatif
mantap deh baterai nya lebih hemat dari versi sebelumnya;mantap baterai lebih hemat versi;baterai positif;baterai positif
kalo charge nya pake charger iphone yang sesuai mah pasti cepet penuh koo baterenya;charge charger sesuai mah cepat penuh koo baterenya;baterai positif;baterai positif
sumpah ya charge hp lama banget keburu gajah bertelur;charge lama sekali keburu gajah bertelur;baterai negatif;baterai negatif
lama banget bisa naik haji dulu kali yaa nunggu baterai penuh;lama sekali bisa haji sekali yaa nunggu baterai penuh;baterai negatif;baterai negatif
menurut aku baterai nya kurang awet;baterai kurang awet;baterai negatif;baterai negatif
pengisian baterai hp tergolong lama;pengisian baterai tergolong lama;baterai negatif;baterai negatif
baterai nya ga bisa dicopot;baterai tidak bisa dicopot;baterai negatif;baterai negatif
satu hal yang agak mengecewakan adalah baterainya yang kurang awet;agak mengecewakan baterainya kurang awet;baterai negatif;baterai negatif
ga awet bgt dah kalo gue pake iphone bisa dua sampe tiga kali charger dalam sehari;tidak awet sekali gue bisa sampe sekali charger sehari;baterai negatif;baterai negatif
pilihan warnanya gemes gemes banget;pilihan warnanya gemes gemes sekali;general positif;general positif
I'm so in love with this phone;love;general positif;general positif
so good for gaming;good gaming;general positif;general positif
setelah baca baca review nya, hm lumayan juga jadi tertarik nih buat beli;baca baca review hm lumayan tertarik beli;general positif;general positif
suka banget sama yang warna hijau, harus punya;suka sekali warna hijau harus;general positif;general positif
ga suka ah mending beli merk lain aja;tidak suka ah lebih baik beli merk;general negatif;general negatif
upgradenya ga terlalu banyak sih dibanding produk sebelumnya, ga terllau worth sih ya sepertinya;upgradenya tidak dibanding produk tidak terllau sebanding;general negatif;general negatif
ga pernah tertarik buat beli iphone deh sampai sekarang;tidak tertarik beli;general negatif;general negatif
ip11 biasa aja sih menurut gue, kenapa pada bilang waw banget ya;ip biasa gue bilang waw sekali;general negatif;general negatif
belum minat buat beli nih iphone 11, masih jelek menurut gue;belum minat beli masih jelek gue;general negatif;general negatif
ada harga ada rupa ya coi, bagus sih ini produknya worth it buat harga segitu;harga rupa coi bagus produknya sebanding harga segitu;harga positif;harga positif
harga ip11 sesuai lah ya dengan kemampuan yang handphone ini bisa tunjukkan;harga ip sesuai kemampuan handphone bisa tunjukkan;harga positif;harga positif
ini hitungannya harganya masih murah sih untuk produk sebagus ini;hitungannya harganya masih murah produk sebagus;harga positif;harga positif
ga worth it banget harganya;tidak sebanding sekali harganya;harga negatif;harga negatif
buat apasih beli iphone mahal mahal, masih banyak produk yg lain yg lebih murah tapi tetap bagus;apasih beli mahal mahal masih produk lebih murah bagus;harga negatif;harga negatif
ga minat buat beli nih ip11 apalagi harganya selangit;tidak minat beli ip harganya selangit;harga negatif;harga negatif
harganya ga affordable, sorry apple;harganya tidak affordable sorry;harga negatif;harga negatif
keren juga nih ip11 pake ios terbaru;keren ip ios terbaru;spesifikasi positif;spesifikasi positif
spesifikasinya asik nyaman buat dipake ngegame;spesifikasinya asik nyaman ngegame;spesifikasi positif;spesifikasi positif
chipset yang ada di ip11 ini bikin performanya jauh lebih enteng dibanding iphone sebelum-sebelumnya;chipset ip performanya lebih enteng dibanding;spesifikasi positif;spesifikasi positif
apple processor is better than any android out there;processor lebih baik android;spesifikasi positif;spesifikasi positif
wahh mantap nih spesifikasinya iphone 11;wahh mantap spesifikasinya;spesifikasi positif;spesifikasi positif
spesifikasi iphone11 mantap banget bisa dipake buat nyelam dengan aman;spesifikasi mantap sekali bisa nyelam aman;spesifikasi positif;spesifikasi positif
suka banget sama spesifikasinya ga nyesel beli;suka sekali spesifikasinya tidak menyesal beli;spesifikasi positif;spesifikasi positif
performanya jadi makin mantap dengan penggunaan ios terbaru didalam produk ip11 ini;performanya makin mantap penggunaan ios terbaru didalam produk ip;spesifikasi positif;spesifikasi positif
belum ada yang bisa nandingin processor yang dipunya apple;belum bisa nandingin processor dipunya;spesifikasi positif;spesifikasi positif
kenapa ram nya cuma 4gb pengen yang lebih;ram cuma gb lebih;spesifikasi negatif;spesifikasi negatif
spesifikasinya ga beda jauh sama produk sebelumnya masih biasa aja cenderung jelek;spesifikasinya tidak beda produk masih biasa cenderung jelek;spesifikasi negatif;spesifikasi negatif
masih bnayak yang kurang nih spesifikasinya, belum terlalu oke;masih bnayak kurang spesifikasinya belum oke;spesifikasi negatif;spesifikasi negatif
suka banget hasil pengambilan kameranya;suka sekali hasil pengambilan kameranya;kamera positif;kamera positif
satu satunya alasan gue cinta bgt sama ip11 kameranya waw amazing;satunya alasan gue cinta sekali ip kameranya waw amazing;kamera positif;kamera positif
hasil fotonya bagus banget sih, mendukung keestetikan gue;hasil fotonya bagus sekali mendukung keestetikan gue;kamera positif;kamera positif
kameranya oke, dipake buat foto dan video bagus;kameranya oke foto video bagus;kamera positif;kamera positif
semenjak pake ip11 makin suka selfie deh kameranya bagus haha;semenjak ip makin suka foto kameranya bagus;kamera positif;kamera positif
jelek banget fitur night mode kamera nya banyak noise;jelek sekali fitur night mode kamera noise;kamera negatif;kamera negatif
kameranya jelek kalo mau ngezoom pecah;kameranya jelek ngezoom pecah;kamera negatif;kamera negatif
ga worth it sih kameranya, mendingan beli produk lain;tidak sebanding kameranya mendingan beli produk;kamera negatif;kamera negatif
kameranya kurang banyak, ga memuaskan;kameranya kurang tidak memuaskan;kamera negatif;kamera negatif
ah iphone 11 kameranya kurang baik dibanding yg lain;ah kameranya kurang baik dibanding;kamera negatif;kamera negatif
kamera nya ga terlalu bagus sih, kalo dipake buat moto malam hasilnya jelek;kamera tidak bagus moto malam hasilnya jelek;kamera negatif;kamera negatif
kameranya kalo dipake buat foto indoor dgn pencahayaan yg kurang bad banget sih;kameranya foto indoor pencahayaan kurang bad sekali;kamera negatif;kamera negatif
aman sih ini baterainya, apalagi ada teknologi wireless charge;aman baterainya teknologi wireless charge;baterai positif;baterai positif
dibandingkan produk sebelumnya, produk apple yang ini baterai nya cukup tahan;dibandingkan produk produk baterai cukup tahan;baterai positif;baterai positif
akhirnya apple ngembangin teknologi yang bikin baterainya lebih hemat;ngembangin teknologi baterainya lebih hemat;baterai positif;baterai positif
udah coba pake handphone ini seharian tanpa ngecharge waw juga sama kemampuan konsumsi dayanya yg lebih kecil;udah coba handphone seharian tanpa charge waw kemampuan konsumsi dayanya lebih kecil;baterai positif;baterai positif
boros banget baterainya, masa kudu ngecas berkali kali sih;boros sekali baterainya kudu charge berkali sekali;baterai negatif;baterai negatif
harus banget bawa powerbank kemana mana ini mah, baterainya ga oke;harus sekali bawa powerbank kemana mah baterainya tidak oke;baterai negatif;baterai negatif
kenapa sih iphone tuh baterainya ga pernah bertahan lama;tuh baterainya tidak bertahan lama;baterai negatif;baterai negatif
baterai nya boros, ga cocok buat orang yang pekerjaannya banyak menggunakan handphone;baterai boros tidak cocok orang pekerjaannya handphone;baterai negatif;baterai negatif
ngecharge nya butuh watu lama ini iphone 11;charge butuh watu lama;baterai negatif;baterai negatif
ga keren banget masa charger bawaannya belum fast charging;tidak keren sekali charger bawaannya belum cepat charger;baterai negatif;baterai negatif
yaelah belum fast charging, lama nih kalo ngecharge pake charger bawaan, masa kudu beli charger yg lain lagi sih;yaelah belum cepat charger lama charge charger bawaan kudu beli charger;baterai negatif;baterai negatif
butuh waku lama buat ngecharge kalo pake charger bawaan, daya nya masih kecil;butuh waku lama charge charger bawaan daya masih kecil;baterai negatif;baterai negatif
