Tweet;label;Tweet_Parsed;sentiment
Min, normal ke kalau iPhone 11/11 Pro /Pro Max baru pakai beberapa bulan battery capacity dah drop to 96%?;baterai negatif;admin normal pakai baterai kapasitas turun;-1
Kmera iphone 11 mmeng beda;kamera positif;kamera beda;-2
Iphone 11 pro max kamera depannya jelek ye? Gua liat liat para usernya kalo pada selfie harus foto didepan cermin pake kamera belakang soalnya;kamera negatif;kamera jelek liat liat foto foto cermin kamera;6
Apple meluncurkan iPhone 11 dengan peningkatan daya tahan baterai yang lebih besar, sayangnya itu tak berlaku untuk pembaruan software Apple.  https://inet.detik.com/consumer/d-5085002/pengguna-iphone-protes-baterai-boros-saat-update-ios-1351?utm_term=echoboxauto&utm_campaign=detikcomsocmed&utm_medium=oa&utm_content=detikinet&utm_source=Twitter#Echobox=1594197912ÃÂ Ã¢â¬Â¦;baterai positif;luncur tingkat daya tahan baterai sayang laku perangkat lunak;7
xs max, senderrr. tapi rugi sih kalo kamu beli xs max baru sekarang.. i mean langsung ke iphone 11 juga gapapa sebenernya secara speknya lebih bagus terussss harganya gak jauh beda.;spesifikasi  positif;senderrr rugi beli maksud langsung gapapa speknya bagus harga beda;-2
Saya juga dulu confuse nak pilih iphone 11 or iphone xs. Dah review all spec keduanya. Tp sbb kurang minat dengan bentuk kamera iphone 11 akhirnya saya memilih iphone xsÃ°Å¸ËÂ¹ (juga disebabkan crush saya memakai iphone xs max, konon nak matching ekekekeke)  https://twitter.com/XavierNaxa/status/1270713421353242627ÃÂ Ã¢â¬Â¦;kamera negatif;bingung pilih review spesifikasi minat bentuk kamera pilih pasang pakai konon sesuai;14
Hasil kamera xiaomi note 10 bisa di adulah sama iphone 11 promax Ã°Å¸ËÂÃ°Å¸Â¤Â©, sejauh yang pernah sya gunakan ini better sih darpda iphone 11 promax  pic.twitter.com/F05lktSe5w;kamera negatif;hasil kamera xiaomi note adu;0
Kalo sender lebih mentingin ketajaman layar mending Xs Max, tapi kalo buat keseluruhan ya iPhone 11 atuh, ultra wide angle nya cakep banget, chipsetnya juga terbaru.;baterai positif, spesifikasi positif;tajam layar ultra wide angle bagus chipset;0
Cantik babi purple iphone 11 ni sialla apahal aku tk kayaaaaaa.;general positif;cantik ungu kaya;-2
Persahabatan memang lebih indah kalau diabadikan dengan kamera belakang iPhone 11 Pro Max.;kamera positif;sahabat indah abadi kamera;5
Iphone 11 pun menarik;general positif;tarik;2
Tidak murah sbb iphone 12 skrin sama besar dgn iphone 11 pro. Harga iphone 12 x wajar compared dgn iphone 11. Conclusionnya, mahal.  https://twitter.com/xaviernaxa/status/1280661321323700225ÃÂ Ã¢â¬Â¦;harga negatif;murah layar harga wajar banding simpul mahal;6
"ya Allah iphone 11 warna ungu lucuu Ã°Å¸ËÂ 
beliin ya Allah";general positif;warna ungu bagus beli;-3
tahun kemarin pas iphone 11 rilis, mata langsung tertuju sama warnanya. ada warna ungu! naksir berat dong. kapan lagi produk apple yang ngeluarin warna ungu?? alhamdulillah beberapa bulan kemudian kesampean beli. hp borahae Ã°Å¸âÂ±Ã°Å¸âÅ #BTSARMY #2020BTSFESTA @BTS_twt pic.twitter.com/M4EIUknKvl;general positif;kemarin pas rilis mata langsung tuju warna warna ungu tarik berat produk warna ungu alhamdulillah wujud beli;17
"selepas sebulan menggunakan Iphone 11, i can say :

1. A13 Bionic cip prosessor sangat smooth. melancarkan segala perisian dalaman

2. Kamera memang sangat cantik terutama untuk rakaman video dengan stabilization yang sangat padu dan smooth

3. bateri tahan 1 hari dan lebih";kamera positif,baterai positif,spesifikasi positif;bionic chipset prosessor halus lancar isi kamera cantik utama rakaman video stabilization imbang halus baterai tahan;-8
Iphone 11 terbaik;general positif; ;0
Like bodo sia iPhone 11 battery capacity cepat gila drop. Aku geram  https://twitter.com/hzqaimannn/status/1279079353708474370ÃÂ Ã¢â¬Â¦;baterai negatif;suka bodoh baterai kapasitas cepat turun marah;-5
Sebenernya pengen bangeettt22222 ganti iphone 11 hanya krn ada warna mint green. Kaya gemesh gitu. Udah melipir ke ibox dan eraphone 2 apa 3 kali gitu, dan udah nanya2 hampir beli. Tapi seketika sadar, masih ada yang lain yg di prioritasin Ã°Å¸Ëâ¦;general positif;ken bangeettt ganti warna mint hijau kaya bagus udah pergi ibox eraphone udah nanya beli sadar prioritasin;-1
Saya suka iPhone11 Pro. Tapi tak mampu. Oleh itu alang2 saya tunggu iPhone12, harap2 ada rezeki. Ã°Å¸ËÂ;general positif,harga negatif;suka tunggu harap rezeki;4
Ha mai amik aku lu. Sebab dengan iphone 11 ni aku mampu merecord video pala dengan penuh HD;kamera positif;rekam video kepala penuh hd;-1
worth parah sihh, sayang aja gitu beli xr kameranya cuman 1 walopun hasilnya bagus banget ga muluk2. kalo mau milih tuh harusnya antara xs/xs max sama iphone 11 nah itu baru pilihan susah.;kamera positif;banding parah sayang beli xr kamera cuman hasil bagus muluk milih tuh pilih susah;-12
Quick charge tu fast charging ko? Iphone 11 ni fast charging tapi keno beli usb hok support fast charging. And guno phone sambil charge dok molek kei;baterai positif;cepat charge cepat charger cepat charger keno beli usb hok dukung cepat charger charge dok molek kei;7
iphone 11, karena iphone 11 lebih terbaru daripada iph xs max. and dari spek juga bagusan iph 11;spesifikasi  positif;spek bagus;-2
"Emang iphone11 ini lucu2 warnanya, yg lavender juga lucuu...
Btw aku salfok sama caption nya sih Ã°Å¸Â¤Â£";general positif;lucu warna ungu bagus salah fokus judul;-2
Iphone 11 aja yg purple lucu bgt :(;general positif;ungu bagus;-2
"Kelanjutan dari ""Zan gapunya iphone..."" (buat testing app) Pngn punya iphone (11) tp boros bgt belinya mahal and then God gives me (better alternative bcs its free) in a unexpected way. Iya iya punya kantor trs bukan tipe baru tp seneng~ Makasi bosku & universe Ã°Å¸ââ¹Ã°Å¸ââ¹Ã°Å¸ââ¹ Ã°Å¸Ëâ  pic.twitter.com/1uAKqTbAwb";harga negatif;zan gapunya coba aplikasi boros beli mahal bagus alternatif gratis sangka iya iya kantor tipe neng makas bos dunia;0
Aku suka batery iphone 11 walaupon  capasity batery nya hanya 3000mhw tapi performance nya lebih baik daripada smartfone android yang berkapasiti 3000mhw .Satu sebab saya tak suka pakai android sebab batery nya selalu baterynya down mendadak;baterai negatif;suka baterai kapasitas baterai mhw tampil smartfone android berkapasiti mhw suka pakai android baterai baterai turun dadak;-6
wowowoowow iphone iphone iphone 11 pro;kamera positif; ;0
aku dl samsung note 10 trs ke iphone 11, beralih ke iphone jd lbh suka krn kamera lbh jelas dan bagus sih, kl ip agak ribet di save datanya gt mnrtku. tp sukanya krn kalo update lbh jelas, andro sebagus apapun kl update ga se clear ip heu;kemera positif;samsung note alih suka kamera bagus ribet simpan data suka android bagus bersih;-10
"- iphone 11 pro karena kapasitas memori gede 256gb jadi bisa untuk jangka lama ... dan simple untuk casual-phone but might be weird since you were an android ke iphone...

- s20+ bts edition karena bts dan warna CASING NYA BAGUS";general positif;kapasitas memori gb jangka sederhana santai might aneh android edisi warna casing bagus;4
"Suaranya kek announcer sumpah dah. 
Btw mic iphone 11 clear banget bajingan, jadi pengen beli tapi nga ada duitnya hahaha.";general positif;suara mic bersih ken beli nga duit hahaha;1
iPhone 11 purple cinta bgt sama.purple bagus cantik indah bgt Ã°Å¸ËÂ­Ã°Å¸ËÂ­Ã°Å¸ËÂ­;general positif;ungu cinta ungu bagus cantik indah;-1
Iphone 11 sih karena lebih pas di tangan dan kameranya tuh lebih bagus. Chipsetnya juga lebih oke dr iphone xs max;kamera positif,spesifikasi positif;pas tangan kamera tuh bagus chipset oke;4
iPhone 11 Pro Max irit kok.;baterai positif;irit;0
"Yaampuuun udah 87% aja setelah pake iphone 2 tahun.

ios 13 bangke ini siiih.

Mau ganti iphone 11 tapi takut klo gak sengaja ketuker ama adek Ã°Å¸Ëâ  pic.twitter.com/5nCidwIxKT";baterai negatif,spesifikasi negatif;udah ios jelek ganti takut sengaja tukar adek;-12
Leaks iPhone 12, ukurannya lebih kecil daripada iPhone 8 / SE (new) tapi kamera seri Pronya boi, GUEDE BANGET iPhone 11 Pro kameranya keliatan kecil. Ga ada power adapter sama earpod, cuma dapet kabelnya doang. Plus Apple Chip A14 is like 3-5 times better than the currrent A13;kamera negatif;ukur kamera seri pro kamera liat power adapter earpod dapet kabel plus chip suka times currrent;10
Iphone 11 lh, battery dia tahan sikit;baterai positif;baterai tahan;-4
"Kenapa ya walaupun hampir 20juta kalo cuma android ga dihargai gitu? Kemaren waktu foto pilihan ada samsung S20 ultimate sama iphone 11 pro max, dibilang ""pake hape kamu aja kan kameranya paling cantik"" bilangin yang iphone. Padahal yang samsung kameranya bagus juga. Sedih aku tu";kamera positif;juta android harga kemaren foto pilih samsung ultimate bilang kamera cantik bicara samsung kamera bagus sedih;-3
dosenku iphone 11 ganti jd samsung s20 nder, brrti iphone bosenin wkwk;general negatif;dosen ganti samsung arti bosan;1
try pakai iphone 11 dulu bro, serius best camera dia huhu;kamera positif;coba pakai serius kamera;-4
Knp iphone 11 aku tiba2 blank dekat sejam, smpai aku terpaksa letak dlm beras sbb dia blank dan phone jd panas lepas sejam letak dlm beras phone nyala lepastu battery habis padahal sblm padam tu battery full kot..adakah ini normal??;baterai negatif,spesifikasi negatif;mati jam paksa letak beras mati panas jam letak beras nyala baterai habis mati baterai full normal;-11
Iyaaa kan. Cakep banget iPhone 11 Pro & 11 Pro Max Ã°Å¸Â¤Â©;general positif;iya bagus;-2
"Heran iphone11 memory cepet banget abis.. 

Kebetulan lagi hobby bikin video masak.. kadang ditengah masak memori abis.. bingung dan panik makanan bisa gagal.. 

Tapi setelah liat kualitas videonya bener2 unnecessary bagus dan alus banget.. terlalu canggih buat saya..";kamera positif,general negatif;heran memori cepat abis suka video masak kadang masak memori abis bingung panik makan gagal liat kualitas video bener bagus alus canggih;1
android baterai nya tahan lama, iphone boros kcuali iphone 11;baterai positif;android baterai tahan boros kecuali;-9
"@iphonefess halo sore ka, mau nanya nih. iPhone 11 Pro Max ku kemarin kehabisan baterai, terus aku charger eh jadi lama banget. Seharian cuma masuk sekitar 40%. Lambang charging nyala, n semua normal ngga panas. Kira2 apanya ka?
Tolong dibantu ya, tks Ã°Å";baterai negatif;iphonefess halo sore ka ku kemarin habis baterai charger eh masuk lambang charger nyala n normal ngga panas ka bantu terimakasih;-4
iPhone 11. Chipsetnya kenceng, layar besar dan batterynya kuat karena resolusi displaynya rendah Ã°Å¸Ëâ   https://twitter.com/GamesMenfess/status/1274142447451295745ÃÂ Ã¢â¬Â¦;baterai positif, spesifikasi positif,general positif;chipset kenceng layar baterai kuat resolusi layar rendah;-8
"Iphone x max bagus kameranya iphone 11 jg bagus hehehe ...
Gua selfie pake hp itu cakep.

Tp gua selfie pake hp gua ini jele Ã°Å¸Â¤Â£Ã°Å¸Â¤Â£Ã°Å¸Â¤Â£";kamera positif;bagus kamera bagus foto bagus foto jele;0
iphone 11 promax kamera bgus hp bgus;kamera positif;kamera bagus bagus;-4
Go for iPhone 11 and above. Samsung ni android paham2 la ahahhahah developer app selalu anak tirikan android, anak emaskan iPhone. Walaupun S20 flagship but application optimization for hardware tak seoptimum iPhone. Story ig akan tetap ada micro lag.;kamera positif,spesifikasi positif;go samsung android paham la developer aplikasi anak tiri android anak emas flagship application optimization hardware optimum story ig micro lag;-12
pake iphone 11 kakak biar videonya makin cetar;kamera positif;kakak biar video cetar;-2
belilah fast charging for Iphone 11 sbb 5 watt charger yang dibekalkan amatlah slow;general negatif;bilah cepat charger watt charger masuk lambat;-2
Kl aku pake seperlunya, buat medsos, foto, urusin online shop masih aman sih. Kualitas kamera jg bagus. Tp kl cari yg nilainya masih tinggi tahun2 ke depannya yaa iphone 11, kl ip x aja skrg 7 jt udh dapet.;kamera positif;media sosial foto urusin online shop aman kualitas kamera bagus cari nilai yaa jt udah dapet;13
yaallah tergoda iphone 11 warna biru. eh apase warna sebenere. pokok biru jareku;general positif;yaallah goda warna biru eh warna sebenere pokok biru suka;1
Haih cantiknya camera depan iphone 11 Ã°Å¸ËÅ;kamera positif;bagus kamera;-2
"Beli iphone 11 kemaren niat nya cuman mau beli mouse buat laptop, trus iseng nanya Ã¢â¬Åini berapa bang? Yg warna itu? Ternyata dikasih 11 pro biasa kecil ga sadar.
2hari kmudian nanya ke salesnya Ã¢â¬Åkok kecil ku mau yg max brp? Ã¢â¬ÅYdh ambil silver 256gb.

Riyalife tamat.";general negatif;beli kemaren niat cuman beli mouse laptop iseng bang warna nyata kasih sadar kmudian salesnya ku yasudah ambil silver gb riyalife tamat;-7
iPhone 11 yang warna ungu cakep kali:( blm move on Ã°Å¸Â¥Âº;general positif;warna ungu bagus move hidup;-4
Bateri 3687mAh ini dijangka akan dimuatkan di dalam iPhone 12 Pro Max. Meskipun kapasiti bateri iPhone tak pernah mencapai 4000mAh, ketahanan bateri iPhone sejak siri iPhone 11 tak boleh disangkal. Bahkan mampu bersaing dgn Huawei Mate 30 Pro yg mempunyai kapasiti bateri 4500mAh.  pic.twitter.com/fPTalZPXM6;baterai positif;baterai mah masuk kapasitas baterai capai mah tahan baterai seri sangkal saing huawei mate kapasitas baterai mah;-11
IPHONE 11 GUE GAK BOLEH DIPAKE MAIN RP ANJRIT.;spesifikasi negatif;gue main rp;0
iPhone 11 aja chargernya masih 5 watt  https://twitter.com/oppo/status/1282494958709039104ÃÂ Ã¢â¬Â¦;general negatif;chargernya watt;0
"Sejak p10 sebenernya sdh gak kekejar sama iphone, tp sejak iphone 11 pro sptnya apple sdh mulai mau ngejar sih secara kualitas foto kalau dicetak.
Jeleknya kalau skrg jalan2 jadi males bawa kamera beneran, karena kamera hpku sdh pada bisa diandalkanÃ°Å¸Â¤Â£Ã°Å¸Â¤Â£Ã°Å¸Â¤Â£Ã°Å¸ËÂ";kamera positif;p kejar raih kualitas foto cetak jelek jalan malas bawa kamera beneran kamera hpku andal;2
Update iOS, Pengguna iPhone Keluhkan Bikin Baterai Jebol  http://dlvr.it/RbRXhDÃÂ  #LatestNews #OS #apple #iOS #iphone11;baterai negatif;ios keluh baterai turun latestnews os ios;-5
Charge iphone 11 lambat nya minta ampooon Ã°Å¸Ëâ;general positif;charge lambat ampun;-1
 https://terasjabar.id/plugin/article/view/105355/apple-meluncurkan-iphone-11-dengan-peningkatan-daya-tahan-baterai-keluhkan-update-ios-13-5-1-kuras-baterai-ponsel-ÃÂ Ã¢â¬Â¦ Apple Meluncurkan iPhone 11 Dengan Peningkatan Daya Tahan Baterai, Keluhkan Update iOS 13.5.1 Kuras Baterai Ponsel #Apple #iPhone;baterai negatif;luncur tingkat daya tahan baterai keluh ios kuras baterai ponsel;-1
Iphone 11 warna mintÃ°Å¸ËÂ­ plss mau bgt atau ga yg unguÃ°Å¸ËÂ­Ã°Å¸ËÂ­;general positif;warna mint mohon ungu;0
Iphone 11 aja Tp soal battre bener2 jauh lebih irit ip 11. Kenaikan perfoma 20% dari XS MAX ke iphone 11;baterai positif,spesifikasi positif;baterai bener irit perfoma;-1
Pengen iphone 11 yg warna kuning;general positif;ken warna kuning;-3
Alasan kenapa haru beli iphone 11, yg jelas bukan karna gaya gayaan, tapi buat menunjang kerjaan. Gila sih fitur potretnya bikin nangisÃ°Å¸ËÂ­(gambar belum di edit)  pic.twitter.com/idu6XvQVNE;kamera positif;alas haru beli karna gaya gaya tunjang kerja fitur potret suka gambar edit;5
IPHONE 11 PRO TU- MAHAL WEH-;harga negatif;mahal weh;1
Oh terus kalo iphone kameranya yang bisa selfie wide baru iphone 11, lu samsung aja biar kalo kita selfie bareng gampang WKWKWKWKWK;kamera positif;kamera foto wide samsung biar foto bareng gampang wkwkwkwkwk;5
Kabarnya #Apple akan membekali #iPhone 12 dengan baterai berkapasitas yang lebih besar dari iPhone 11 Pro Max.   https://www.tagar.id/iphone-12-akan-gendong-baterai-kapasitas-besar/?source=twitterÃÂ Ã¢â¬Â¦;baterai positif;kabar bekal baterai kapasitas;2
"Cinematic video by iPhone 11

Pengalaman unik pas buat video ini tidak ada persiapan, batray juga tinggal 22% Ã°Å¸ËâÃ°Å¸Ëâ tapi lumayan lah bisa nandingin miroles Ã°Å¸Ëâ¹Ã°Å¸Ëâ¹ saya tidak pernah menggunakan alat bantu stabilizer dalam membuat video ini. @makemac #ShootoniPhone pic.twitter.com/dpu1oRopEw";baterai positif;cinematic video alam unik pas video baterai tinggal lumayan nandingin miroles alat bantu stabilizer video makemac shootoniphone;-3
iphone 11 camera sampah haha kalau 11 pro, pro max okay. iphone bab video dia power, kalau bab gambar huawei power lagi.;kamera negatif;kamera sampah ok bab video power bab gambar huawei power;-9
Multitasking smooth.. tapi screen iPhone 11 pro sekalipun saya dah uji masih tak smooth;spesifikasi positif,general negatif;multitasking halus layar uji halus;1
Dr 2017 lalu aku pakai iphone 6s ini, skg baterainya udah ngedrop bgt, dr 100% ke 20% cuman tahan 30 menit. Liat harga iphone 11 pro yg udah mulai turun, emang inilah saatnya aku harus beli power bank.;harga positif;pakai baterai udah ngedrop cuman tahan menit liat harga udah turun beli power bank;-3
iphone 11 pro dipegang park haejin jadi kaya kecil bangett  pic.twitter.com/DLw5NdEgau;general negatif;pegang park haejin kaya;-2
iPhone 11 biar fotonya bagus *LXC*  https://twitter.com/oliviabyexxyx/status/1267809902661009411ÃÂ Ã¢â¬Â¦;kamera positif;biar foto bagus lxc;-1
Beda market man, jelas. Iphone 11 bukan buat fanboy, ngincer user yg baru mau masuk atau naik ke touch id less tp ga mikirin kualitas bahan sih;general negatif;beda pasar man fanboy ngincer masuk touch id less mikirin kualitas bahan;-8
Ambil iphone 11. Saya baru tukar ke iphone SE dari Huawei P20. Battery agak mengecewakan tapi performance lain sangat superb.;baterai negatif;ambil tukar huawei p baterai kecewa tampil;-12
Jd pengen iphone 11. Cakep banget gambarnya;kamera positif;ken bagus gambar;-2
Tergantung kebutuhan, tp kalo buat sehari2 ya pilih iphone 11 pro max ajah.;general positif;gantung butuh pilih ajah;-10
Aku merasa hpku mulai kehilangan ketajaman kameranya. Apakah ini tandanya buat upgrade?? Ya abis beda banget bandingin sm iPhone 11 punya ponakan, bening bener dah gambarnya.;kamera positif;hpku hilang tajam kamera tanda upgrade abis beda bandingin ponakan bagus gambar;-7
Iphone 11 yg ungu cute bgt astaga :');general positif;ungu cute astaga;3
wah cantiknya camera iphone 11 Ã°Å¸âÂÃ°Å¸ââÃ°Å¸âÂ;kamera positif;bagus kamera;-2
nak iphone 11 warna hijau tuÃ°Å¸ËÂ­Ã°Å¸ËÂ­;general positif;warna hijau;3
"iphone 11 buat user yg ga demen gonta ganti hp tiap tahun
batre jg lebih awet iphone";baterai positif;suka ganti ganti baterai awet;3
iphone 11 megapro ini selain kameranya apanya dah yang unggul? perasaan wa migrasi dari 7 ke x ga banyak kemajuan;kamera positif;megapro kamera unggul asa wa migrasi maju;1
kamera iphone 11 lebih jernih daripada mataku;kamera positif;kamera jernih mata;2
Assalam min, saya pakai Iphone 11 dan pakai latest ios. Tapi dalam sehari mesti sekali or dua kali line saya akan hilang kejap pstu muncul Ã¢â¬Ëno serviceÃ¢â¬â¢. Lepas 5 sec mcmtu , dia okay balik. Saya dah try semua solutions kat Apple Support, tapi x jadi. Mcm mna ye min ? @XavierNaxa;spesifikasi negatif;assalam admin pakai pakai ios line hilang muncul service sec ok coba solusi dukung admin xaviernaxa;9
"Ampe ntar android jg kebagian... 

Pembedanya nanti kualitas voice record nya aja.. iPhone 11 pro dan max emang cakep hasil record nya";general positif;ampe ntar android beda kualitas voice record bagus hasil record;3
Multitasking smooth.. tapi screen iPhone 11 pro sekalipun saya dah uji masih tak smooth;spesifikasi positif,general negatif;multitasking halus layar uji halus;1
Iyaaa iPhone 11 Purple & Green emang paling favorit sih. Cakep banget warnanya, kak Ã°Å¸Â¥Â°Ã°Å¸Â¤Â©;general positif;iya ungu hijau favorit bagus warna kak;1
Worth it bgt ni iphone11, nonton youtube puas bgt serasa nonton d tipi. Quality gambar ama speakernya bagus bgttt Ã°Å¸Ëâ Ã°Å¸Ëâ Ã°Å¸Ëâ ;kamera positif,general positif;banding nonton youtube puas serasa nonton tipi kualitas gambar speakernya bagus;4
Iphone 11 kameranya gaada obat;kamera positif;kamera lawan;-3
Baru iphone 11 keatas yg ada pake slowmo di kamera depan;kamera positif;slowmo kamera;0
Iphone 11 pro max ccd banget ngentot!!!!;general positif;cacat;-5
Terus juga banyak yg blg iphone 11 itu kamera depannya kurang. Coba aja cari di youtube bnyak yg bahas.;kamera negatif;bicara kamera coba cari youtube bahas;0
Iphone 11 udah bagus kok batrenya, atau iphone XR awet batrenya;baterai positif;udah bagus baterai xr awet baterai;-4
Spesifikasi semuanya sih worth it sih tergantung kemampuan duit masing masing. Cuma kalau ngurusin kamera saat low-light mungkin iPhone 11 lebih baik.;kamera positif;spesifikasi banding gantung uang ngurusin kamera low light;2
Aku pengen iphone 11 minn biar makin cakeppp kalo mau foto produkÃ°Å¸ËÂ­Ã°Å¸ËÂ­Ã°Å¸ËÂ­ #ReaquestGAShopee;kamera positif;ken biar bagus foto produk reaquestgashopee;3
KAMERA IPHONE 11 KEREN PARAHHH;kamera positif;kamera keren;0
WARNA BIRU BUAT SIS KELIRU Ã°Å¸Â¤Â¯ CANTIK KAN IPHONE 11 ? NAKKAN IPHONE YG HARGA MURAH N ORIGINAL ? BELI SEKARANG DI @waynegadgett . SELLER PERAMAH N BERKOMITED MEMASTIKAN IPHONE HAMPA CLEAR DARI SEBARANG VIRUSÃ¢ÂâÃ¢Ââ pic.twitter.com/evRYfyTuuM;general positif;warna biru keliru cantik nak harga murah n original beli waynegadgett seller amah n berkomited hampa bersih sebarang virus;-15
Terbaik bro ! Apa apa pun iphone 11 mmg terbaik for midrange phone Ã°Å¸Ëâ;general positif;midrange;0
Fitur NFC di iPhone kini bisa digunakan untuk mengecek saldo hingga melakukan top-up e-money Bank Mandiri. #iPhone11 #NFC pic.twitter.com/ZHfVdQxkms;spesifikasi positif;fitur nfc ecek saldo laku top e money bank mandiri nfc;4
"Bagi memastikan rakan saya membuat pilihan yang tepat. Perkara utama yang harus difahami adalah iPhone 11 adalah model berkelas separa mercu dan iPhone XS mercu. 

Namun iPhone 11 mempunyai kelebihan dari segi cip A13 Bionic dan dilancarkan pada tahun 2019.";spesifikasi positif;rak pilih perkara utama difahami model kelas mercu mercu segi chipset bionic lancar;-8
"Pengen banget ganti iphone ke iphone 11 pro max

Tapi kok sayang banget duitnya yah keadaan masih kek gini..

Musti gimana yah biar bisa dapet pemasukan tambahan..?? Ada yang punya ide kah..?? Ã¢â¬â Buat bisnis  https://lap78.ask.fm/igoto/45DKECPW7B667HQMHN2IG6NM7CADDPY3R73OLBX7D7SLNZN62UYY2Z2JFREM2RZ3KK3PYEIBJQUH4DB7YEV7M2VONS5LPBQLUIORJE2YHVWSCKGPBOHXYPXKSC27R6LPZSXYKHYE3DKHNFMLBOBB6QK46PGHLYM4ZDPVJMTRQSO2OPPSIUYFB5HK5NNIJ4H3TI43KFDU4EKQ====ÃÂ Ã¢â¬Â¦";harga negatif;ken ganti sayang duit gin musti gimana biar dapet pasu ide bisnis;4
"prefer iphone 11 sbb future proof, battery pun tahan sehari, ada 2 camera belakang, and chipset dia antara the best in the market

Ip X boleh je but banyak masalah sbb first model iphone yg fullscreen

ip xr pun ok tapi kekurangan, screen tak secantik ip 11 dan 1 camera belakang";kamera positif,spesifikasi positif;prefer future proof baterai tahan kamera chipset pasar je perrtama model fullscreen xr ok layar cantik kamera;1
iphone 11 bagus yg purple apa yg tosca??,,plss bantu jawab Ã°Å¸ËÆÃ°Å¸Ëâ;general positif;bagus ungu tosca mohon bantu;-3
iphone 11 cantik2 warnanyaÃ°Å¸Â¥Âº;general positif;cantik warna;-2
Iphone 11 promax, soalnya keren banget apalagi warna warnanya menly;general positif;keren warna warna kasual;3
Bjingan buka twitter di iphone 11 tapi di safarinya ya giniÃ°Å¸â¢â;spesifikasi negatif;buka twitter safari gin;0
Pake hape yg bagus aja. Iphone 11 Pro ato Samsung S20+ gitu. Pake mirrorless malah ga easy to use, ahaha;general positif;bagus ato samsung mirrorless easy use ahaha;-2
"iPhone 11 dan iPhone XS juga berkemungkinan akan melalui situasi  yang sama. 

iPhone XS menggunakan spesifikasi terkini termasuklah skrin OLED serta menyokong telephoto berbanding iPhone 11 menyokong kamera lebar dan ultra lebar.";kamera positif;situasi spesifikasi masuk layar oled sokong telephoto banding sokong kamera lebar ultra lebar;6
Saya mencadangkan kepadanya iPhone XS atas faktor tersebut walaupun saya akui iPhone 11 hadir dengan cip pemprosesan yang lebih berkuasa serta mungkin ada yang berminat kepada kamera ultra lebar.;general positif,kamera positif;cadang faktor hadir chipset pemprosesan milik minat kamera ultra lebar;-3
Tak sama. Ip 12 akan menggunakan chip baru dan screen display OLED tidak seperti iphone 11 LED screen;spesifikasi positif,general positif;chip layar layar oled led layar;0
iphone11 emang cute bgt, pantes cewek-cewek pada beli.;general positif;cute pantes cewek cewek beli;1
Saranku iphone xs max ajaa.. karna iphone 11 itu cuma perbaikan dari iphon xr. Kecuali iphone 11 pro/pro max. Battery ip xs max itu mAh nya lebih besar ketimbah iphone 11. Kl secara kamera iphone 11 menang lah kamera depan. Kamera blkg sama2 12MP;kamera positif,baterai positif;saran ajaa karna iphon xr kecuali baterai mah ketimbah kamera menang kamera kamera mp;-5
Berikut merupakan kapasiti mAh bagi iPhone 11 iPhone 11 - 3,110 mAh iPhone 11 Pro - 3,046 mAh iPhone 11 Pro Max - 3,969 mAh Berdasarkan perbandingan ini, iPhone 11 mempunyai mAh lebih tinggi berbanding iPhone 12.;baterai positif;rupa kapasitas mah mah mah mah dasar banding mah banding;6
iPhone 11 kok lemot;spesifikasi negatif;lot;-5
And hopefully harga iphone 12 pun akan kurang sebab dia tak datang dengan charger. Also ada peluang untuk Apple turunkan lagi harga iphone sebab dia dah jimat banyak. It is possible sebab harga asal iphone 11 sendiri pun lebih murah dari iphone Xr. Sedangkan iphone 11 is better.;harga positif;hopefully harga charger also peluang turun harga jimat possible harga murah xr;8
Iphone 11 sih karena lebih pas di tangan dan kameranya tuh lebih bagus. Chipsetnya juga lebih oke dr iphone xs max;kamera positif,spesifikasi positif;pas tangan kamera tuh bagus chipset oke;4
Aku sih mending yg memory besaaar. Iphone11 udah cukup bgt koook;general positif;memori udah;0
Dan kenapa harganya skrg mahal? Krn dollar naik jd untuk iphone 11 series harganya juga ikut naik. Gitu lho. Jgn blg mahal bgt taun kmrn seginisegini, gue februari beli jg cuma 12 jt yg 128gb di ibox Ã°Å¸Ëâ¹;harga positif;harga mahal dollar series harga lho jgn bicara mahal taun kmrn seginisegini gue februari beli jt gb ibox;2
"Bagi saya, jelas iPhone 11 ialah pilihan yg lebih baik

iPhone XS
Kelebihan :
1. OLED

iPhone 11
Kelebihan :
1. A13 Bionic
2. Ultra Wide lens
3. Night mode, Deep Fusion
4. Bateri tahan lebih lama  https://twitter.com/XavierNaxa/status/1270713421353242627ÃÂ Ã¢â¬Â¦";baterai positif;pilih oled bionic ultra wide lens night mode deep fusion baterai tahan;-6
A. iphone 11 kalau dijual bisa belanja di shopee  lagi #ShopeeID #ShopeeDariRumah;harga negatif;jual belanja;0
Kalo sender lebih mentingin ketajaman layar mending Xs Max, tapi kalo buat keseluruhan ya iPhone 11 atuh, ultra wide angle nya cakep banget, chipsetnya juga terbaru.;baterai positif,spesifikasi positif;tajam layar ultra wide angle bagus chipset;0
Tiba tiba rasa tak menyesal beli iphone 11  https://twitter.com/myappledotmy/status/1278259691236159491ÃÂ Ã¢â¬Â¦;general positif;sesal beli;-4
iphone 11 yg purple gemay bgt ga si hmÃ°Å¸Â¥Âº;general positif;ungu bagus hm;-2
Sebenernya aneh kamera iphone 11 kaya android ih smooth gt:(;kamera negatif;aneh kamera kaya android ih halus;0
Iphone 11 kameranya kenapa aneh banget si;kamera positif;kamera aneh;0
Berdasarkan laporan ini, saya boleh buat konklusi bahawa Apple menurunkan kapasiti mAh disebabkan mereka percaya cip A14 Bionic mampu memberikan jangka hayat yang sama seperti iPhone 11.;baterai negatif,spesifikasi positif;dasar lapor simpul bahawa turun kapasitas mah percaya chipset bionic jangka tahan;10
Iphone 11 nder , gua xr aja hasil nya udh gila bagus bgt, ambil yg 256gb, kalo andro kurang tau, kadang suka ada efek berlebih difotonya, dan di xr keatas ini efek bokeh bisa disetting diagramanya, jadi bisa seblur apa fotonya, ini berlaku buat kamera depan sm belakang;kamera positif;xr hasil udah bagus ambil gb android tau kadang suka efek foto xr efek bokeh disetting diagramanya seblur foto laku kamera;9
Lol.. Naksirrrrr banget sama ungu pastel nya iphone 11 Ã°Å¸Â¥Âº;general positif;suka ungu pastel;2
hp iphone 11 tapi fotonya low quality semua..  pic.twitter.com/eW67jekiAR;kamera negatif;foto low kualitas;7
Kalo kamera bagusan xs max dripda iphone 11. Mending kalo mau 11, langsung 11 promax aja.;kamera positif;kamera bagus dripda langsung;1
Iphone 11  pro paling murah 18jt . Bagi 5 hari so 3,6 jt . No rek nnti aku trf segitu selama 5 hari;harga positif;murah jt jt rek nnti trf segitu;-2
Kamera iphone 11 ngewiii sekali.  pic.twitter.com/4E402uaSxb;kamera positif;kamera ngewiii;0
iPhone 11 sumpah bateri tahan macam android yg bateri 4k mAh. Tak tipu, aku pakai 11 ni sehari charge sekali je. Kalau time tak pakai on low power mode lagi lama bateri tahan.;baterai positif;baterai tahan android baterai k mah bohong pakai charge je time pakai hidup low power mode baterai tahan;-18
iPhone barunya doang mahal. secondnya murah. coba cek deh. 6+ aja ada yg 2jt. ya klo mau yang iphone 11 emang masih tinggi :);harga negatif;mahal secondnya murah coba cek deh jt;-1
Iphone 11 is better ! Battery pun tahan 2 hari au;baterai positif;baterai tahan au;-4
Sumpah bt bgt iphone 11 tuh ngecharge lama bgt gue kl mgecharge full bs 3 jam an dan baru ngesearch di google emg gt hrs beli fast chargingnya lg yg pro dan promax udh dpt charger fast charging hhh kesel  pic.twitter.com/r3berIG4iO;general negatif;bt tuh charge gue mgecharge full bs jam ngesearch google emg hrs beli cepat chargingnya lg udah dpt charger cepat charger hhh kesel;-7
hasil gambar menggunakan kamera mode wide angle sangat cantik dan natural;kamera positif;hasil gambar kamera mode wide angle cantik natural;-2
harga Iphone X terhitung agak tinggi namun tidak akan kecewa setelah membelinya;harga negatif;harga hitung kecewa bel;4
sistem operasinya sangat lancar anti lemot;spesifikasi positif;sistem operasi lancar anti lot;-8
desainnya emang paling unik dan simpel;general positif;desain unik simpel;7
sayangnya produk Iphone ini sangat rentan terjadi lecet sehingga pengguna harus menggunakan case hp;general negatif;sayang produk rentan lecet case;-5
pilihan case Iphone X dan Iphone 11 sangat beragam dan mudah ditemukan;general positif;pilih case agam mudah temu;8
selalu suka dan nyaman banget menggunakan Iphone;general positif;suka nyaman;6
kualitas gambar yang jernih membuat para pengguna tidak pernah kecewa membelinya;kamera positif;kualitas gambar jernih kecewa bel;7
iphone X memiliki ukuran layar 5,8 inchi yang membuat pengguna tidak bosan melihatnya;general positif;milik ukur layar inchi bosan lihat;7
ukuran kamera depan 7MP dan kamera belakang 12 MP sangat cocok dengan harga yang ditetapkan;kamera positif, harga positif;ukur kamera mp kamera mp cocok harga;7
Iphone X tidak memiliki fitur pemindai sidik jari yang dianggap jauh lebih cepat dan mudah sehingga banyak pengguna yang kecewa;general negatif;milik fitur pindai sidik jari anggap cepat mudah kecewa;0
desain Iphone X terlihat hambar dan sedikit membosankan;general negatif;desain lihat hambar bosan;4
sayangnya baterai iphone sangat boros;baterai negatif;sayang baterai boros;-8
hasil pengambilan gambar dan video saat malam hari sangat memuaskan;kamera positif;hasil ambil gambar video malam muas;1
resolusi gambar dan video yang dihasilkan sangat bagus sehingga ketika di zoom tidak pecah;kamera positif;resolusi gambar video hasil bagus zoom pecah;3
pilihan warna pada Iphone sangat unik dan tidak membosankan;general positif;pilih warna unik bosan;-2
Iphone 11 memiliki fitur yang dapat mengatur keburaman latar belakang foto yang dapat menjadikan foto terlihat fokus pada satu objek;kamera positif;milik fitur atur buram latar foto foto lihat fokus objek;8
bagi pembisnis Iphone 11 sangat cocok karena memiliki performa yang sangat baik;general positif;bisnis cocok milik performa;5
Iphone 11 memiliki prosesor A13 yang mampu menghemat 40 persen pemakaian daya baterai;baterai positif;milik prosesor hemat persen pakai daya baterai;1
pengisian daya pada Iphone 11 super cepat;baterai positif;isi daya super cepat;-2
Iphone 11 Pro tahan air dan dapat bertahan selama 30 menit;general positif;tahan air tahan menit;-3
Iphone 11 Pro didesain dengan dimensi layar yang lebih kecil sehingga nyaman untuk digenggam;general positif;desain dimensi layar nyaman genggam;8
Iphone 11 Pro memiliki tingkat kecerahan yang lebih baik;general positif;milik tingkat cerah;2
kamera telefoto dan kamera ultra-wide masih terasa kurang greget;kamera negatif;kamera telefoto kamera ultra wide asa greget;1
Iphone 11 Pro tidak menyediakan lubang audio;general negatif;sedia lubang audio;-1
bagus banget nih kamera nya bisa jadi youtuber deh aku;kamera positif;bagus kamera youtuber deh;-2
baterai nya awet deh bisa seharian main tiktok;baterai positif;baterai awet deh main tiktok;1
ih senang deh tiada hari tanpa selfie nih gara-gara kamera nya;kamera positif;ih senang deh tiada foto gara gara kamera;-8
pantas di kantong nih hp nya jadi gak ribet bawa tas;general positif;kantong ribet bawa tas;-5
ukuran layarnya sedikit kecil agak susah nih mau ngegame;general negatif;ukur layar susah ngegame;0
fitur-fitur kameranya bikin hasil foto cantik banget deh;kamera positif;fitur fitur kamera hasil foto cantik deh;4
IOS nya selalu update yang terbaru nih, jangan takut ketinggalan IOS;spesifikasi positif;ios takut tinggal ios;-5
walaupun harganya sangat mahal tapi spesifikasinya sangat baik;harga negatif, spesifikasi positif;harga mahal spesifikasi;7
Iphone memiliki memori internal yang besar sehingga tidak memerlukan memori eksternal;spesifikasi positif;milik memori internal memori eksternal;1
makin banyak nih video tiktok aku karena hasilnya jernih banget;kamera positif;video tiktok hasil jernih;7
jalan-jalan makin puas nih karena bisa dapatin foto-foto yang bagus;kamera positif;jalan jalan puas dapatin foto foto bagus;7
Iphone 11 Pro tidak memiliki RAM yang cukup besar hanya 4GB;spesifikasi negatif;milik ram gb;1
sayangnya ngecas iphone sehari bisa sampai 2 atau 3 kali;baterai negatif;sayang ngecas;0
spesifikasi iphone 11 Pro memang sangat baik jadi wajar harganya pun relatif tinggi;spesifikasi positif, harga positif;spesifikasi wajar harga relatif;4
terkadang kapasitas baterai turun drastis ketika memperbarui IOS;baterai negatif;terkadang kapasitas baterai turun drastis ios;1
aplikasi di iphone rata-rata banyak berbayar;general negatif;aplikasi bayar;-6
baterai sangat boros sehingga selalu membawa cas kemana-mana;baterai negatif;baterai boros bawa cas;-10
kamera nya kadang suka ga bisa fokus;kamera negatif;kamera kadang suka fokus;6
kecerahan dari kamera kadang suka tidak stabil;kamera negatif;cerah kamera kadang suka stabil;8
banyak yang komen kamera 3 nya kayak kompor ih;kamera negatif;komen kamera kayak kompor ih;-7
gaada efek glowingnya nih kamera;kamera negatif;efek glowingnya kamera;3
sumpah biasa aja nih kameranya ga ada bagus bagusnya;kamera negatif;kamera bagus bagus;-4
hasil foto malam hari ga terlihat bagus;kamera negatif;hasil foto malam lihat bagus;6
efeknya gabisa nutupin jerawat nih;kamera negatif;efek gabisa nutupin jerawat;0
makin kesini kameranya makin aneh ih, jelek;kamera negatif;kesini kamera aneh ih jelek;-5
udah kayak minuman boba aja tu kamera banyak bener;kamera negatif;udah kayak minum boba kamera;-6
baru beli, baterai nya awet banget bisa seharian dipakai main tiktok;baterai positif;beli baterai awet pakai main tiktok;0
ga perlu bawa casan kemana mana deh, baterai nya tahan banget;baterai positif;bawa cas deh baterai tahan;-6
udah pake sekitar 5 bulan, kesehatan baterainya tidak menurun;baterai positif;udah sehat baterai turun;-2
sumpah ya awet bener seharian gila;baterai positif;awet;4
ga nyesel sumpah beli iphone, baterai nya bisa nonton youtube seharian;baterai positif;nyesel beli baterai nonton youtube;-9
lebih irit baterainya dari varian sebelumnya;baterai positif;irit baterai varian;-4
ngecas nya ga perlu waktu lama loh;baterai positif;ngecas loh;0
boros banget gila baterainya;baterai negatif;boros baterai;-8
jadi nyesel beli iphone kalau tau baterai nya boros begini;baterai negatif;nyesel beli tau baterai boros;-18
sumpah ya baru main sejam udah habis aja ini baterai;baterai negatif;main jam udah habis baterai;-3
baterai nya ga bisa dicopot nih;baterai negatif;baterai copot;-5
ngedit video tiktok cuman bisa 1 nih kalau kayak gini baterainya;baterai negatif;ngedit video tiktok cuman kayak gin baterai;-6
udah kayak air terjun nih baterai cepat banget ngalirnya;baterai negatif;udah kayak air terjun baterai cepat ngalirnya;-9
ini hp atau apa dah besar banget ukurannya;general negatif;ukur;3
kalau jatuh keliatan lecetnya karna desainya mengkilap;general negatif;jatuh liat lecet karna desa kilap;-5
terlalu besar ukurannya jadi susah masuk saku;general negatif;ukur susah masuk saku;-3
capek juga genggam hp segede ini;general negatif;capek genggam gede;0
gila performanya bagus banget, cepat lagi;spesifikasi positif;performa bagus cepat;-2
sumpah ini mah kalau main game anti lemot wkwk sistem operasinya lancar banget;spesifikasi positif;mah main game anti lot sistem operasi lancar;-6
makin kesini kinerja dan sistem operasinya makin baik dah;spesifikasi positif;kesini kerja sistem operasi;-1
bisnis aku makin lancar deh kalau perfomanya kayak gini;spesifikasi positif;bisnis lancar deh perfomanya kayak gin;2
spesifikasinya gila memuaskan banget, tidak diragukan lagi;spesifikasi positif;spesifikasi muas ragu;5
sayang ini RAM nya hanya 3GB;spesifikasi negatif;sayang ram gb;0
kadang IOS nya suka ngefek ga baik buat aplikasinya;spesifikasi negatif;kadang ios suka ngefek aplikasi;1
fitur sidik jari dihapus kan jadi ribet;spesifikasi negatif;fitur sidik jari hapus ribet;-11
sebel banget tombol tengahnya dihilangkan;spesifikasi negatif;sebel tombol hilang;-6
ih cuman ada memori internal nih gaada memori eksternalnya;spesifikasi negatif;ih cuman memori internal memori eksternal;0
sebel banget lubang audio nya gaada;spesifikasi negatif;sebel lubang audio;-8
fitur-fiturnya banyak diganti nih jadi agak ribet;spesifikasi negatif;fitur fiturnya ganti ribet;-4
agak kecewa sih RAM nya ga meningkat;spesifikasi negatif;kecewa ram tingkat;1
belum 5g nih, masih aja 4g;spesifikasi negatif;g g;0
dijamin gabakal nyesel deh beli iphone dengan harga segitu;harga positif;jamin gabakal nyesel deh beli harga segitu;-15
wajar sih harga nya segitu karena pemakaiannya dalam jangka lama;harga positif;wajar harga segitu pakai jangka;1
harga iphone x masih terjangkau kok;harga positif;harga jangkau;3
barang bermerek dengan harga segitu wajar dong;harga positif;barang merek harga segitu wajar;-2
ada kualitas ada harga wkwk;harga positif;kualitas harga;7
harga segitu buat iphone mah ga mahal;harga positif;harga segitu mah mahal;1
sumpah udah berapa kali beli ga pernah nyesel sama harga segitu;harga positif;udah beli nyesel harga segitu;-6
ketahanan lama untuk harga segitu wajar banget;harga positif;tahan harga segitu wajar;-3
jual ginjal dulu apa ya buat beli ip 11 pro;harga negatif;jual ginjal beli;0
nabung berapa tahun ya buat beli ip 11;harga negatif;nabung beli;-1
bikin dompet kering nih beli iphone;harga negatif;dompet kering beli;-4
sumpah ya mahal banget harganya;harga negatif;mahal harga;4
udah minder duluan nih lihat harganya;harga negatif;udah minder duluan lihat harga;6
harganya tinggi banget udah deh liat ulasannya aja;harga negatif;harga udah deh liat ulas;4
ga turun turun nih harganya iphone tetap aja tinggi;harga negatif;turun turun harga;-1
mau nangis aja deh liat harganya;harga negatif;suka deh liat harga;6
Kamera iphone 11 sedikit lebih bagus dibanding pesaingnya dan untuk kualitas hasil jepretannya juga oke;Kamera positif;kamera bagus banding saing kualitas hasil jepret oke;7
Ngga suka sekali warna merah buat iphone 11;General negatif;ngga suka warna merah;1
Baterai iphone x dan 11 ngga ada bedanya, sangat boros;Baterai negatif;baterai ngga beda boros;-12
Sangat lucu yang warna kuning, jadi pengen beli iphone 11;General positif;bagus warna kuning ken beli;-6
Dari segi harga emang keduanya sama mahalnya tapi kualitas kamera tetep ip 11 dihati;Harga negatif, kamera positif;segi harga mahal kualitas kamera tetep hati;4
Hasil jepretan kamera iphone X biasa aja;Kamera negatif;hasil jepret kamera;3
Spek ip X dan 11 ngga beda jauh, biasa aja ngga terlalu hebat;Spesifikasi negatif;spek ngga beda ngga hebat;-6
Nyesel buru-buru beli iphone X yang akhirnya spesifikasinya sama aja kayak iphone 11 wkwk;Spesifikasi negatif;nyesel buru buru beli spesifikasi kayak;-10
Charger iphone dari dulu ngga pernah awet, selalu mudah rusak;Baterai negatif;charger ngga awet mudah rusak;4
Daya tahan baterai iphone 11 sedikit lebih baik dibanding ip X;Baterai positif;daya tahan baterai banding;1
Ukuran iphone 11 besar banget untuk ditangan, agak kurang nyaman;General negatif;ukur tang nyaman;7
Harga oke lah untuk iphone 11 masih masuk sama isi kantong;Harga positif;harga oke masuk isi kantong;0
Iphone 11 varian warnanya lebih banyak dibanding iphone X, kayaknya beli ip 11 aja deh lebih layak;General positif;varian warna banding kayak beli deh layak;-7
Iphone X ngga kalah keren kok sama iphone 11 dari segi kamera dan spesifikasi;Kamera positif, spesifikasi positif;ngga kalah keren segi kamera spesifikasi;-7
Speaker iphone X kenapa jelek banget ya kayak agak mendelep gitu;General negatif;speaker jelek kayak mendelep;-8
Hasil video di iphone 11 bagus banget. Suka banget parah;Kamera positif;hasil video bagus suka parah;-2
Kecepatan charging iphone 11 lebih cepat dibanding ip X, padahal casannya sama aja. Tapi okelah...;Baterai positif;cepat charger cepat banding cas oke;2
Desain kamera iphone 11 kenapa begitu sih, cuma 2 aja tapi dikotakin jadi keliatan aneh;Kamera negatif;desain kamera dikotakin liat aneh;5
Iphone 11 iOS nya terbaru, ngga sabar nunggu keluar. Udah liat previewnya, bagus sangat.;Spesifikasi positif;ios ngga sabar nunggu udah liat preview bagus;3
RAM ip 11 lebih oke 1 Gb dibanding ip X, langsung gas beli;Spesifikasi positif;ram oke gb banding langsung gas beli;0
Coba kamera iphonne 11 buat pertama kali ternyata night mode keren banget hasilnya terang lebih terang dari iphone x;kamera positif;coba kamera iphonne nyata night mode keren hasil terang terang;4
gila night mode iphone 11 ga abis pikir keren abis;kamera positif;night mode abis pikir keren abis;-3
pake iphone 11 sekarang ga perlu lagi dong susah-susah cari tempat terang buat poto lo mau poto di tempat segelapa apa juga hasilnya jadi terang wkwk;kamera positif;susah susah cari terang poto lo poto segelapa hasil terang;-8
hari ini mau keluar buat beli sayur sekalian coba kamera hp baru ku dan ternyata hasilnya ga mengecewakan;kamera positif;beli sayur coba kamera ku nyata hasil kecewa;5
gambar jepretan ip 11 pro resolusinya ga main-main;kamera positif;gambar jepret resolusi main main;2
pake ip 11 pro backlight selfie bisa jadi bagus;kamera positif;backlight foto bagus;1
hasil poto kamera ip 11 pro ga kalah sama dslr bro;kamera positif;hasil poto kamera kalah dslr;-1
saya terkesan dengan hasil night mode ip 11;kamera positif;kes hasil night mode;6
harganya mahal sih tapi ga apa-apa kameranya emang juara;kamera positif, harga negatif;harga mahal kamera juara;4
keluar malem pengen coba night mode ip 11 pro hasilnya cakep banget;kamera positif;malem ken coba night mode hasil bagus;2
ternyata kameranya ga sebagus yang orang bilang tuh;kamera negatif;nyata kamera bagus orang bilang tuh;0
hasil potonya ga sebanding sama harganya;kamera negatif;hasil potonya banding harga;6
kalo emang incer hp ip 11 pro cuma buat kameranya sih mending beli dslr sekalian lebih bagus;kamera negatif;incer kamera beli dslr bagus;-3
selfie kameranya ga bagus buat di tempat gelap;kamera negatif;foto kamera bagus gelap;-3
biasa aja tuh kameranya;kamera negatif;tuh kamera;0
kok gue ga ngerasa ada perbedaan yang signifikan buat kualitas kameranya;kamera negatif;gue ngerasa beda signifikan kualitas kamera;0
kualitas kameranya ga sebanding harga;kamera negatif;kualitas kamera banding harga;7
ga wow banget kameranya ah, lebay;kamera negatif;kamera ah lebay;-4
kurang bagus sih kameranya, kalau diliat dari harganya yang mahal ga setimpal banget;kamera negatif, harga negatif;bagus kamera liat harga mahal timpal;5
penempatan kameranya bikin jelek, aneh gitu jadinya liatnya;kamera negatif;kamera jelek aneh liat;-4
gila ip 11 beneran fast charging 30 menit doang langsung full tuh;baterai positif;beneran cepat charger menit langsung full tuh;6
baterai ip 11 paling bagus sih dari ip seris yang lain;baterai positif;baterai bagus seris;-5
baterai nya tahan lama banget nonton video berjam-jam tetap awet;baterai positif;baterai tahan nonton video jam jam awet;0
Sudah menggunakan 11 selama 2 bulan sekarang, saya rasa baterainya sangat bagus.;baterai positif;baterai bagus;-5
Saya punya kebiasaan untuk mengisi daya ponsel sepanjang malam, dan sejauh ini kesehatan baterai masih 100%.;baterai positif;isi daya ponsel malam sehat baterai;-4
aku biasa main hp dari jam 9 pagi dan sampai jam 11 malem bahkan baterainya ga habis sampai 50 persen;baterai positif;main jam pagi jam malem baterai habis persen;-4
baterainya awet banget bisa dipake seharian, ga perlu lagi tuh bawa charger kemana-mana;baterai positif;baterai awet tuh bawa charger;-1
ip 11 baterai than lama sih;baterai positif;baterai;-3
waktu isi daya baterainya ip 11 lebih cepet dari ip x;baterai positif;isi daya baterai cepat;-6
baterainya awet dipake streaming lama lama haha;baterai positif;baterai awet streaming;1
Apple bilang iPhone 11 iPhone 11 Pro dan iPhone 11 Pro Max memiliki masa pakai baterai sehari tapi tidak juga tuh masa pakai baterai saya kurang dari 24 jam.;baterai negatif;bilang milik pakai baterai tuh pakai baterai jam;-5
waktu isi daya baterai sampai penuh lama juga;baterai negatif;isi daya baterai penuh;-6
baterainya masih lebih awet yang ip 8 tuh daripada ip 11;baterai negatif;baterai awet tuh;1
daya tahan baterainya masih jelek, kalah sama samsung;baterai negatif;daya tahan baterai jelek kalah samsung;-8
aku ga ngerasa baterai hp ip 11 ini lebih awet dari ip seris lain sih, malah lebih boros;baterai negatif;ngerasa baterai awet seris boros;-6
baterainya ga tahan dipakai buat seharian harus isi ulang mulu;baterai negatif;baterai tahan pakai isi ulang mulu;-6
dipake buat nge game ga tahan sih baterainya;baterai negatif;nge game tahan baterai;-2
ga kuat sih baterainya kalau dipake seharian;baterai negatif;kuat baterai;-4
baterai nya ga kuat dipake lama lama;baterai negatif;baterai kuat;-4
cepet abis baterainya;baterai negatif;cepat abis baterai;-4
buat spesifikasinya yang keren banget harga ip 11 masih terjangkau si;harga positif;spesifikasi keren harga jangkau;6
bole sih harga segitu, emang spesifikasi hp nya bagus juga;harga positif, spesifikasi positif;bole harga segitu spesifikasi bagus;1
harganya masuk akal kok ga mahal, ip kan harganya rata-rata memang segitu;harga positif;harga masuk akal mahal harga segitu;1
murah lah segitu mah, secara kan dolar emang mahal di indo;harga positif;murah segitu mah dolar mahal indo;-4
ternyata ip 11 murah, kiarain bakal lebih mahal lagi harganya wkwk;harga positif;nyata murah kiarain mahal harga;7
ga mahal sih menurutku secara ada kualitas ada harga;harga positif;mahal kualitas harga;8
ya murah sih menurut gue, soalnya kan emang barang bermerek jadi ya wajar aja;harga positif;murah gue barang merek wajar;-1
harga iphone 11 murah kok, gue beli ga nyampe 10 juta;harga positif;harga murah gue beli nyampe juta;5
kirain harganya bakalan mahal banget ternyata engga mahal kok;harga positif;kirain harga mahal nyata engga mahal;7
harganya cukup murah untuk ukuran iphone keluaran terbaru;harga positif;harga murah ukur;7
gila mahal amat harganya, ga sanggup belinya;harga negatif;mahal harga sanggup beli;5
harga ip 11 kemahalan, jual ginjal dulu kali ya;harga negatif;harga mahal jual ginjal;5
hp buat sultan doang ini mah, mahal bener;harga negatif;sultan mah mahal;1
ga setimapal sih menurut gue harganya, kemahalan kalo cuma buat beli hp doang mending beli laptop sekalian;harga negatif;setimapal gue harga mahal beli beli laptop;2
mahal banget satu hp doang seharga motor;harga negatif;mahal harga motor;4
mahal banget harganya, padahal modelnya keliatan lebih murah dari seris yang lain;harga negatif, general negatif;mahal harga model liat murah seris;9
pengen nangis liat harganya;harga negatif;ken suka liat harga;7
barang bermerek mahal ya;harga negatif;barang merek mahal;1
harganya ga masuk akal, bikin nangis;harga negatif;harga masuk akal suka;2
kemahalan sih menurutku, tapi mungkin emang nulai tukar rupiah sama dolar yang bikin tambah mahal;harga negatif;mahal nulai tukar rupiah dolar mahal;0
body nya bagus keliatan mewahnya;general positif;body bagus liat mewah;-1
layarnya lebar, enak dipake;general positif;layar lebar enak;1
pilihan warnanya banyak banget, unik dan lucu lucu;general positif;pilih warna unik bagus bagus;-6
gemes liat warnanya;general positif;gemes liat warna;-1
iphone 11 warna kuning lucu;general positif;warna kuning bagus;-6
gue suka sih sama model ip 11 ini, keliatan fresh dan unik;general positif;gue suka model liat fresh unik;4
ip 11 banyak banget pilihan warnanya, bagus semua;general positif;pilih warna bagus;-4
hpnya gede tapi enak sih jadinya liat ke layar;general positif;hpnya enak liat layar;2
hpnya ringan ternyata ga berat-berat banget;general positif;hpnya ringan nyata berat berat;3
ternyata bener anti air guys, gue rendem ga kenapa-kenapa;general positif;nyata anti air gue rendem;-1
layarnya jelek banget, rentan retak meskipun ada pelindung layar.;general negatif;layar jelek rentan retak lindung layar;-9
ga ada yang spesial dari design hpnya, ga begitu beda dari series yang lain;general negatif;spesial design hpnya beda series;2
kualitas speakernya jelek amat, padahal hp mahal;general negatif, harga negatif;kualitas speakernya jelek mahal;0
layarnya gampang retak, harus pake pelindung sih;general negatif;layar gampang retak lindung;1
model hpnya ga unik tuh, modelnya mirip yang seris xr;general negatif;model hpnya unik tuh model seris xr;6
model layarnya sama kaya seris lain, kesannya jadi keliatan jadul padahal keluaran baru;general negatif;model layar kaya seris kesan liat jadul;1
modelnya kaya yang murahan;general negatif;model kaya murah;4
layar bezelnya masih tebel kaya seris yang lama, ga enak liatanya;general negatif;layar bezelnya tebel kaya seris enak liatanya;1
dalam kardusnya cuma ada hp sama kabel doang, buat earpodnya harus beli terpisah;general negatif;kardus kabel earpodnya beli pisah;-4
warnanya jelek, ga keliatan mewah mirip hp murah;general negatif;warna jelek liat mewah murah;-3
layarnya udah ips ternyata, jadi lebih enak liatnya;spesifikasi positif;layar udah ips nyata enak liat;4
spesifikasinya keren, pake chip a13 yang katanya cpu dan gpu ponsel tercepat;spesifikasi positif;spesifikasi keren chip cpu gpu ponsel cepat;3
layarnya udah pake teknologi LiquidRetina LCD, jadinya keliatan lebih tajam dan jelas;spesifikasi positif;layar udah teknologi liquidretina lcd liat tajam;3
yang terlihat di layar kaya yang nyata banget, sumpah bagus banget ini spesifikasinya;spesifikasi positif;lihat layar kaya nyata bagus spesifikasi;6
layarnya lebih sensitif dari seris yang lama, enak banget pakenya;spesifikasi positif;layar sensitif seris enak pakenya;2
puas banget beli hp ip 11, walaupun mahal tapi spesifikasinya memuaskan;spesifikasi positif, harga negatif;puas beli mahal spesifikasi muas;11
layarnya lebar 6,1 inchi jadi enak di pake nonton dan main game;spesifikasi positif;layar lebar inchi enak nonton main game;3
audionya pake dolby guys, jadi suaranya jernih;spesifikasi positif;audio dolby suara jernih;5
kualitas layarnya oke banget, tingkat kecerahannya ga bikin mata sakit walau lama-lama liat layar;spesifikasi positif;kualitas layar oke tingkat cerah mata sakit liat layar;1
gpu nya bagus banget, ngalah grapisnya kenceng;spesifikasi positif;gpu bagus ngalah grapisnya kenceng;-5
ga ada port buat headset, bikin ribet;spesifikasi negatif;port headset ribet;-4
ip 11 fitur pengamannya jelek banget, pengitai jari aja ga ada;spesifikasi negatif;fitur kam jelek jari;-7
ip 11 belom 5g, susah lagi deh nanti kalau di indo udah pada 5g;spesifikasi negatif;bom g susah deh indo udah g;-6
RAM nya ga ada yange lebih gede kah, dikit amat kasihnya, padahal hp mahal;spesifikasi negatif, harga negatif;ram yange dikit kasih mahal;-2
belum bisa 5g hpnya, padahal harganya ga murah loh;spesifikasi negatif, harga negatif;g hpnya harga murah loh;4
ga ada radionya wkwk, dari dulu biasa denger radio jadi ga bisa deh gara-gara ganti hp;spesifikasi negatif;radio denger radio deh gara gara ganti;-11
memori RAM nya kecil banget, gabisa pake banyak app sekaligus;spesifikasi negatif;memori ram gabisa aplikasi;-4
layarnya masih pake IPS, ga setajam dan secerah OLED;spesifikasi negatif;layar ips tajam cerah oled;2
tidak mendukung buat pake headset nih, ga ada portnya jadi memang harus beli earpod;spesifikasi negatif;dukung headset portnya beli earpod;3
kecewa sih spesifikasinya ga sekeren yang diharapkan;spesifikasi negatif;kecewa spesifikasi keren harap;3
ganyesel deh beli iphone 11 kameranya bagus banget;kamera positif;ganyesel deh beli kamera bagus;-3
iphone xr rada berat deh tapi untuk kameranya ada effect effect glowing gitu;kamera positif, general negatif;xr rada berat deh kamera effect effect glowing;0
ganyesel deh beli iphone 11 kameranya bagus banget;kamera positif;ganyesel deh beli kamera bagus;-3
suka banget iphone 11 pro kamera ultra wide nya;kamera positif;suka kamera ultra wide;2
resolusinya sih kaya kamera slr;kamera positif;resolusi kaya kamera slr;3
kenapa harus bagus banget nih kamera iphone;kamera positif;bagus kamera;-2
kameranya bikin jatuh cinta;kamera positif;kamera jatuh cinta;0
natural banget nih kamera;kamera positif;natural kamera;-2
iphone makin keatas makin keren kameranya;kamera positif;keren kamera;0
beli iphone karena suka kameranya haha;kamera positif;beli suka kamera;1
terlalu natural untuk muka ku yang jerawatan;kamera negatif;natural muka ku jerawat;-5
kameranya tetep tidak bikin muka glowing;kamera negatif;kamera tetep muka glowing;0
biasa aja asli kameranya;kamera negatif;asli kamera;2
beli iphone karena kamera doang juga masih banyak kali yang bagus;kamera negatif;beli kamera bagus;-3
jatoh pas dibagian kamera langsung pecah;kamera negatif;jatoh pas kamera langsung pecah;6
kameranya terlalu menonjol jadi kalo taro meja kaya tergesek;kamera negatif;kamera tonjol taro meja kaya gesek;-2
kamera apa yang beda sih kaya sama aja;kamera negatif;kamera beda kaya;-2
terus aja tambah kameranya sampe 5 banyak bener;kamera negatif;kamera sampe;0
biasa aja kameranya;kamera negatif;kamera;0
pori pori keliatan banget pake nih kamera;kamera negatif;pori pori liat kamera;1
kok aku merasa tidak boros ya baterainya iphone xr;baterai positif;boros baterai xr;-8
cepet banget ke isi sih baterainya keren;baterai positif;cepat isi baterai keren;-6
wah makin irit ya baterainya;baterai positif;irit baterai;-3
gila ganyangka baterainya cepet ke isi;baterai positif;ganyangka baterai cepat isi;-6
wah udah pake sekian lama ternyata baterainya ga boros;baterai positif;udah sekian nyata baterai boros;-6
seneng banget charge sebentar langsung penuh;baterai positif;neng charge sebentar langsung penuh;5
lebih cepet penuh baterainya daripada iphone dibawah x;baterai positif;cepat penuh baterai;-3
ganyangka kirain iphone makin keatas baterainya makin boros ternyata malah irit;baterai positif;ganyangka kirain baterai boros nyata irit;-6
salut sama baterai iphone xr cepet terisi dan ga boros;baterai positif;salut baterai xr cepat isi boros;-11
iphone makin canggih dan baterainya pun gabakal dikomen boros lagi haha;baterai positif, general positif;canggih baterai gabakal dikomen boros;-12
kata orang ga boros tapi kok tetep sih;baterai negatif;orang boros tetep;-5
siapa yang bilang ga boros tetep boros tau;baterai negatif;bilang boros tetep boros tau;-14
kesel banget iphone tuh hp terboros ya soal baterai;baterai negatif;kesel tuh boros baterai;-13
rasanya pingin baterai seirit nokia tapi hp tetep iphone haha boros banget sih asli iphone;baterai negatif;pingin baterai irit nokia tetep boros asli;-4
terimakasih baterai iphone membuat saya harus membawa charger terus;baterai negatif;terimakasih baterai bawa charger;0
sehari bisa berapa kali charge boros parah;baterai negatif;charge boros parah;-10
sudah setahun kirain bakal irit ternyata makin boros baterainya;baterai negatif;kirain irit nyata boros baterai;-6
fitur bagus, warna lucunya menggiurkan tapi baterai yang harus dipikirkan ketahanannya;baterai negatif, general positif;fitur bagus warna lucu giur baterai pikir tahan;-6
menurut ku sih ya, udah harga mahal baterai boros lengkap sudah;baterai negatif, harga negatif;ku udah harga mahal baterai boros lengkap;-5
harusnya kalau makin canggih, baterai juga dong daya tahan nya lebih lama;baterai negatif;canggih baterai daya tahan;1
iphone berguna bagi kalangan remaja ya;general positif;kalang remaja;-2
fitur iphone selalu bikin ketagihan huaaa pgn beli iphone 11;general positif;fitur tagih huaaa pgn beli;-4
lucu banget warna warnanya iphone 11 series;general positif;bagus warna warna series;-2
semenjak pake iphone 11 pro teman teman ku selalu meminjam untuk foto foto;general positif;semenjak teman teman ku pinjam foto foto;6
bingung banget mau pilih warna apa bagus semua;general positif;bingung pilih warna bagus;-4
yaAllah beri aku rejeki untuk membeli iphone 11 series pingin warna midnight keren banget;general positif;yaallah rejeki beli series pingin warna midnight keren;5
iphone 11 series warna ungu nya lucu banget;general positif;series warna ungu bagus;-2
warna ungu ataupun yang midnight sama sama bagus, tapi jujur midnight lebih keren;general positif;warna ungu midnight bagus jujur midnight keren;1
kalo udah pake iphone 11 berasa mewah banget deh haha;general positif;udah asa mewah deh;1
buat nonton enak sih layarnya makin gede;general positif;nonton enak layar;1
rentan banget nih lamalama iphone gampang retak jatoh sekali;general negatif;rentan lamalama gampang retak jatoh;-7
kecewa lebih suka fitur sidik jari daripada face id;general negatif, spesifikasi negatif;kecewa suka fitur sidik jari face id;-2
makin gede aja iphone ditangan ye;general negatif;tang;0
layarnya gampang retak;general negatif;layar gampang retak;-3
kalo udah jatoh rentan banget retak;general negatif;udah jatoh rentan retak;-8
mau pake pelindung juga tetep retak;general negatif;lindung tetep retak;0
model nya makin gede;general negatif;model;3
kamera makin banyak, model nya itu aja;general negatif, kamera negatif;kamera model;3
tolong modelnya bikin tangan gabisa pegang, gede banget;general negatif;model tangan gabisa pegang;2
sebel banget jatoh langsung lecet pinggirannya;general negatif;sebel jatoh langsung lecet pinggir;-10
menurut ku sih sesuai ya harga dengan spesifikasinya;harga positif, spesifikasi positif;ku sesuai harga spesifikasi;9
okelah harga segitu buat spesifikasi yang keren gini;harga positif, spesifikasi positif;oke harga segitu spesifikasi keren gin;5
kata orang mahal, tapi menurut ku ya ada harga ada kualitas;harga positif;orang mahal ku harga kualitas;8
iphone xr ga semahal apa yang gue kira haha;harga positif;xr mahal gue;1
wajar lah harga segitu, kalo buat wanita kamera nya hey keren banget;harga positif, kamera positif;wajar harga segitu wanita kamera hey keren;-2
iphone xr ga mahal kok, aku beli kayanya ga sampe 10 juta bahkan 9 juta kurang;harga positif;xr mahal beli kaya sampe juta juta;4
iphone 11 masih murah sih segitu mah;harga positif;murah segitu mah;-2
saya yang sudah lama menjadi iphone user, saat mengetahui harga iphone 11 ya normal emang segitu kan;harga positif;harga normal segitu;1
ga kaget sih liat harganya, sesuai lah gila sama spec nya;harga positif, spesifikasi positif;kaget liat harga sesuai spesifikasi;10
menurut saya wajar aja harga segitu buat iphone x series ataupun 11 series, karena target pasar nya iphone memang segitu;harga positif;wajar harga segitu series series target pasar segitu;-5
jual ginjal ini mah iphone 11 series mahal ya;harga negatif;jual ginjal mah series mahal;2
harga terjangkau buat yang kaya haha;harga negatif;harga jangkau kaya;3
menguras dompet banget ya harganya;harga negatif;uras dompet harga;0
bikin minder harganya;harga negatif;minder harga;3
gabisa lebih mahal lagi woy iphone 11? mau beli tapi gila banget harganya;harga negatif;gabisa mahal woy beli harga;3
kenapa sih diatas 10 juta mulu harganya;harga negatif;juta mulu harga;6
udah canggih, harga ga canggih eh maksudnya mahal banget asli;harga negatif, general positif;udah canggih harga canggih eh maksud mahal asli;8
wah aku kaget melihat harganya, rasa ingin menjadi sultan seketika biar bisa beli;harga negatif;kaget lihat harga sultan biar beli;3
mahal banget, letak murah nya dari segi apa sih buat yang bilang harganya murah;harga negatif;mahal letak murah segi bilang harga murah;2
mana yang bilang harga nya murah, mahal banget woy gabisa liat ya;harga negatif;bilang harga murah mahal woy gabisa liat;6
spesifikasinya bagus tapi harga bikin kantong kering terimakasih;spesifikasi positif, harga negatif;spesifikasi bagus harga kantong kering terimakasih;3
layarnya lebar banget jadi kalo main game enak;spesifikasi positif;layar lebar main game enak;3
jelas banget sih ini layarnya mulus banget dan jernih banget kalo lagi nonton kaya lagi nonton bioskop;spesifikasi positif;layar mulus jernih nonton kaya nonton bioskop;3
suara jernih banget sih, kalo dengerin lagu kaya bass nya kerasa banget keren;spesifikasi positif;suara jernih dengerin lagu kaya bass keren;10
keren banget bisa mode gelap gitu;spesifikasi positif;keren mode gelap;-4
sistem operasinya tidak diragukan lagi, jadi ga lemot kalo main game;spesifikasi positif;sistem operasi ragu lot main game;-9
spesifikasi nya lancar sih kalo lagi menjalankan usaha online;spesifikasi positif;spesifikasi lancar jalan usaha online;2
aku kira spesifikasinya bakal sama terus, ternyata ada aja yang bikin seneng buat punya iphone ini;spesifikasi positif;spesifikasi nyata neng;9
gapernah kerasa lemot buka tutup antar aplikasi;spesifikasi positif;gapernah lot buka tutup aplikasi;-14
gapernah ragu sama spesifikasinya;spesifikasi positif;gapernah ragu spesifikasi;-3
masa udah gabisa pake headset yang colok, harus airpods bluetooth;spesifikasi negatif;udah gabisa headset colok airpods bluetooth;-1
iphone x series ataupun 11 series udah face id terus, padahal masih suka sidik jari;spesifikasi negatif;series series udah face id suka sidik jari;-2
selalu berasa kurang woy pake ram nya, langsung penuh padahal kaya baru dikit install aplikasi nya;spesifikasi negatif;asa woy ram langsung penuh kaya dikit install aplikasi;-4
jadi aneh ketika udah gaada tombol tengah nya;spesifikasi negatif;aneh udah tombol;0
kemana woy lubang headset nya;spesifikasi negatif;woy lubang headset;-3
gini deh kalo memori cuman internal doang, langsung penuh;spesifikasi negatif;gin deh memori cuman internal langsung penuh;3
harga makin mahal, harusnya mendukung 5g biar nanti kalo indonesia udah masuk 5g kan ga perlu ganti hp terus;spesifikasi negatif, harga negatif;harga mahal dukung g biar indonesia udah masuk g ganti;3
spesifikasi nya biasa aja, belum bikin wah;spesifikasi negatif;spesifikasi;3
harusnya fitur makin bertambah, malah ada yang dikurangin dan diganti malah jadi gimana gitu;spesifikasi negatif;fitur rangin ganti gimana;0
memori RAM nya sih yang bikin maju mundur buat beli, merasa kurang;spesifikasi negatif;memori ram maju mundur beli;-1
suka banget ih sama kameranya iphone x bagus banget aku jadi glowing glowing manja gitu;kamera positif;suka ih kamera bagus glowing glowing manja;2
iphone 11 bagus sih kameranya cocok banget buat gua kalo mau hunting foto;kamera positif;bagus kamera cocok hunting foto;2
iphone x cuma 2716 mAh tapi harganya sampe 10 juta lebih gak cocok banget sih;baterai negatif, harga negatif;mah harga sampe juta cocok;6
RAM 3 GB doang nyesel beli iphone x gak bisa dipake buat main CODM;spesifikasi negatif;ram gb nyesel beli main codm;-6
kalo gua sih tim iphone lah, bentuknya bagus aestetik, kameranya juga bagus gak kayak sumsang;general positif, kamera positif;tim bentuk bagus aestetik kamera bagus kayak sumsang;-7
denger denger sumsang sering meledak, ya iyalah kualitas sumsang mah gak ada apa apanya dibanding iphone x lebih bagus diliat dari segala aspek juga;general positif;denger denger sumsang ledak iya kualitas sumsang mah banding bagus liat aspek;-10
semenjak pake iphone 11 gaya dikit langsung cekrek, kameranya emang terbaik sih ini;kamera positif;semenjak gaya dikit langsung cekrek kamera;-1
haha iya sih iphone kameranya emang terbaik tapi gak suka sama baterainya yang cepet abis;kamera positif, baterai negatif;iya kamera suka baterai cepat abis;-2
gila sih gak nyangka banget aku dibeliin iphone 11 sama bebeb warnanya ungu gitu lagi kan lucu suka deh;general positif;nyangka dibeliin bebeb warna ungu bagus suka deh;-4
kalo diliat dari spesifikasinya yang bagus gini mah harganya masih normal sih, terbaik lah iphone 11;spesifikasi positif, harga positif;liat spesifikasi bagus gin mah harga normal;6
dulu sebelum pake iphone gak pernah masuk fyp di tiktok, sekarang pake iphone langsung fyp emang kameranya bagus bisa memunculkan kecantikan sejati aku;kamera positif;masuk fyp tiktok langsung fyp kamera bagus muncul cantik sejati;-3
kurang suka sama iphone soalnya harganya mahal walaupun spesifikasinya bagus;harga negatif, spesifikasi positif;suka harga mahal spesifikasi bagus;7
guys kalo kalian mau tau saya ngerekam pake kamera apa saya itu cuma pake kamera dari iphone 11 guys, beli deh kameranya bagus banget;kamera positif;tau ngerekam kamera kamera beli deh kamera bagus;-7
masih bahas tentang iphone nih, kenapa gua suka banget iphone karena baterainya itu awet bagus banget guys cocok buat yang suka main hp seharian;baterai positif;bahas suka baterai awet bagus cocok suka main;6
halah anak iphone apa sih bagusnya iphone gue gak suka kameranya jelek, gak suka harganya mahal, gak suka bentuknya jelek ngikutin samsung, gak suka baterainya juga jelek, spesifikasinya apalagi duh gak suka deh;kamera negatif, harga negatif, general negatif, baterai negatif, spesifikasi negatif;halah anak bagus gue suka kamera jelek suka harga mahal suka bentuk jelek ngikutin samsung suka baterai jelek spesifikasi suka deh;-9
iphone speakernya jelek ah gak suka kresek kresek gitu;general negatif;speakernya jelek ah suka kresek kresek;-3
apaan nih iphone ih benci banget sama hp kayak gini masa chargernya baru sebulan udah rusak;baterai negatif;ih benci kayak gin chargernya udah rusak;-5
itu mah lu aja yang gak bisa ngerawat bro iphone gua chargernya bagus tuh malah awet juga;baterai positif;mah ngerawat chargernya bagus tuh awet;2
iphone hp berkelas, kameranya terbaik suka banget deh banyak juga youtuber yang pake iphone;kamera positif;kelas kamera suka deh youtuber;-1
kamera iphone tu bagus banget coy belom pernah kan lu berasa ganteng di foto haha;kamera positif;kamera bagus coy bom asa ganteng foto;2
kamera iphone terbaik gak kayak samsung cuih;kamera positif;kamera kayak samsung cuih;-3
menurut gue iphone itu harganya lumayan mahal sih dan gak sesuai sama spesifikasinya yang kurang bagus;harga negatif, spesifikasi negatif;gue harga lumayan mahal sesuai spesifikasi bagus;7
Layarnya terlalu kecil terus kameranya juga kurang bagus, gagal jadi artis tiktok deh ini mah dasar iphone;general negatif, kamera negatif;layar kamera bagus gagal artis tiktok deh mah dasar;-4
bun iphone harganya seperti bajingan;harga negatif;bun harga;3
iphone baterainya sekarat iphone baterainya sekarat, mati lebih cepat mati lebih cepat;baterai negatif;baterai sekarat baterai sekarat mati cepat mati cepat;-8
terbaring tersentak tertawa tertawa dengan air mata mengingat bodohnya harga iphone dan kita yang masih saja beli;harga negatif;baring sentak tertawa tertawa air mata bodoh harga beli;11
iphone beranjak bangkrut spesifikasi jauh dari seharusnya bagai bintang yang jatuh mati lebih cepat;spesifikasi negatif;anjak bangkrut spesifikasi bintang jatuh mati cepat;-8
speaker iphone menggonggong bak suara anjing bangsat;general negatif;speaker gonggong bak suara anjing bangsat;-8
bun aku masih tak mengerti iphone harga mahalnya berenang di kepala;harga negatif;bun erti harga mahal renang kepala;5
aku masih ada sampai di sini pakai iphone susah setengah mati UI UX nya gak bisa diganti apa ah;general negatif;pakai susah mati ui ux ganti ah;-4
aku masih ada sampai di sini pakai iphone lemot setengah mati spesifikasinya parah banget dah;spesifikasi negatif;pakai lot mati spesifikasi parah;-8
kau memang hp sedikit fitur bolehkah aku banting aja iphone kampret;general negatif;kau fitur banting kampret;-7
kau memang hp tak kasat rasa masang harga mahal gila iphone gak ngotak;harga negatif;kau kasat masang harga mahal ngotak;4
tadi pagi aku masih menangis pada iphone yang harganya mahal naudzubillah;harga negatif;pagi menang harga mahal naudzubillah;-4
katanya mimpiku kan terwujud tapi fitur iphone itu mimpi buruk;general negatif;mimpi wujud fitur mimpi buruk;1
sempat berpikir masih bermimpi bertahun berlanjut pakai iphone warna mu yang memudar saksinya akhirnya aku ganti aja jelek amat sih ini iphone;general negatif;pikir mimpi pakai warna pudar saksi ganti jelek;-4
Lah ini RAM segini doang seriusan iphone nih jelek banget mending advan dah;spesifikasi negatif;ram gin serius jelek advan;-10
iphone harga doang mahal jemput cewe depan gang;harga negatif;harga mahal jemput cewe gang;0
seriusan nih gak ada memori eksternalnya ya ampun hp macam apa ini buruk sekali;spesifikasi negatif;serius memori eksternal ampun buruk;-12
iphone 11 ni hp apa dumbell sih gua pake tiga hari bicep gua gede berat amat ah jelek;general negatif;dumbell bicep berat ah jelek;-5
ukurannya kegedan coy gak bisa masuk saku jelek banget dah ni hp;general negatif;ukur kegedan coy masuk saku jelek;-5
hp jaman sekarang mah harusnya ada pemindai sidik jarinya lah ini iphone kok gak ada jelek banget dah;spesifikasi negatif;jaman mah pindai sidik jari jelek;-11
sekarang jamannya 5g boss iphone masa belom 5g sih kuno cacat;spesifikasi negatif;jaman g boss bom g kuno cacat;-12
port buat headset gak ada di iphone jelek banget dah mending balik pake walkman;spesifikasi negatif;port headset jelek walkman;-5
iphone kameranya penuh kepalsuan penipu munafik calon penghuni neraka bakar aja ni hp;kamera negatif;kamera penuh palsu tipu munafik calon huni neraka bakar;-10
iphone gak cocok buat foto jarak dekat jadi fotonya harus dari jauh udah kayak hubungan kita yang jauh;kamera negatif;cocok foto jarak foto udah kayak hubung;2
pada lebay banget sih sama kamera iphone padahal gitu doang biasa aja malah menurut gue kurang;kamera negatif;lebay kamera gue;-4
iphone kameranya gak bagus di tempat gelap gan;kamera negatif;kamera bagus gelap gan;-6
iphone 11 bagus nih lucu warnanya;general positif;bagus bagus warna;-4
bagus sih lucu juga warnanya iphone 11;general positif;bagus bagus warna;-4
lucu banget bagus suka sama warna iphone 11;general positif;bagus bagus suka warna;-2
bentuknya bagus suka sama bentuk iphone;general positif;bentuk bagus suka bentuk;8
speaker nya mantap coy suaranya jernih keren iphone;general positif;speaker mantap coy suara jernih keren;10
layarnya jernih cocok buat nonton anime pake iphone;general positif;layar jernih cocok nonton anime;5
suka deh sama warna iphone x;general positif;suka deh warna;2
termasuk murah sih harga iphone mah sesuai sama kualitas;harga positif;masuk murah harga mah sesuai kualitas;8
kualitas bagus harganya ya sesuai lah untuk iphone;harga positif;kualitas bagus harga sesuai;8
bagi gua sih iphone murah ya kualitas juga oke jadi harganya pas lah;harga positif;murah kualitas oke harga pas;13
harga iphone emang udah paling pas;harga positif;harga udah pas;6
murah kok harganya cuma nabung 3 bulan juga udah kebeli iphone;harga positif;murah harga nabung udah kebel;4
kualitas oke harga juga pas mantap iphone;harga positif;kualitas oke harga pas mantap;17
cari hp berkualitas dan harga terjangkau ya iphone;harga positif;cari kualitas harga jangkau;4
ayo buruan beli iphone mumpung harganya murah haha;harga positif;buru beli mumpung harga murah;0
pas kok harga sama kualitas kalo untuk iphone;harga positif;pas harga kualitas;10
ram bagus cpu bagus iphone mantap;spesifikasi positif;ram bagus cpu bagus mantap;1
cpu bagus nih iphone;spesifikasi positif;cpu bagus;-2
iphone spesifikasinya bagus sih enak pakenya;spesifikasi positif;spesifikasi bagus enak pakenya;2
butuh spek bagus buat hp ya iphone;spesifikasi positif;butuh spek bagus;-7
mau hp spek bagus ya jelas iphone;spesifikasi positif;spek bagus;-2
spesifikasi iphone bagus banget terbaik;spesifikasi positif;spesifikasi bagus;1
hp yang speknya bagus ya iphone lah;spesifikasi positif;speknya bagus;-2
iphone speknya lebih bagus daripada samsung;spesifikasi positif;speknya bagus samsung;-2
iphone speknya bagus gak kayak hp lain;spesifikasi positif;speknya bagus kayak;-5
kamera iphone burem mending dslr;kamera negatif;kamera burem dslr;0
kamera iphone susah fokus jelek ah;kamera negatif;kamera susah fokus jelek ah;-7
beli iphone karena kameranya tapi ternyata bikin kecewa;kamera negatif;beli kamera nyata kecewa;1
kamera iphone mah jelek;kamera negatif;kamera mah jelek;-5
bagus baterai nya awet nih iphone;baterai positif;bagus baterai awet;-1
baterainya awet kok bagus juga iphone;baterai positif;baterai awet bagus;-1
baterai iphone awet kayak baterai abc;baterai positif;baterai awet kayak baterai abc;-5
baterai bisa seharian kok bagus iphone;baterai positif;baterai bagus;-5
baterai terbaik ya iphone;baterai positif;baterai;-3
baterai bagus dan awet ya cuma iphone;baterai positif;baterai bagus awet;-1
baterai awet nan bagus emang iphone doang sih;baterai positif;baterai awet nan bagus;-1
iphone emang baterainya terbaik sih;baterai positif;baterai;-3
iphone baterai ampas cepet abis;baterai negatif;baterai ampas cepat abis;-7
iphone baterainya kayak tai;baterai negatif;baterai kayak tai;-11
baterai iphone kayak anjing;baterai negatif;baterai kayak anjing;-10
baterai iphone bangsat anjing tai babi;baterai negatif;baterai bangsat anjing tai;-17
baterai iphone boros bangsat;baterai negatif;baterai boros bangsat;-13
ukurannya ideal banget jadi enak pas digenggam;general positif;ukur ideal enak pas genggam;10
cakep banget warna hp nya;general positif;bagus warna;-2
layar nya enak dan nyaman buat nonton film atau youtube;general positif;layar enak nyaman nonton film youtube;5
buat main oke banget sih desainnya;general positif;main oke desain;6
desain iphone 11 ini emang bagus banget pantes banyak peminat;general positif;desain bagus pantes minat;4
warna hitam nya cool banget;general positif;warna hitam cool;-2
bisa dibilang iphone 11 ini ideal banget dari desain dan fitur nya;general positif;bilang ideal desain fitur;7
pilihan warna nya sangat menarik sampai bingung memilihnya;general positif;pilih warna tarik bingung pilih;-2
desain nya premium banget saya suka;general positif;desain premium suka;8
bentuknya desainnya bagus banget simpel tapi keren;general positif;bentuk desain bagus simpel keren;9
hp nya lumayan berat jadi gak bisa main permainan terlalu lama;general negatif;lumayan berat main main;-1
masalah iphone 11 tuh hp nya agak berat ya;general negatif;tuh berat;0
agak kurang sih menurut saya layar nya;general negatif;layar;0
menurut saya kegedean sih layarnya;general negatif;gede layar;0
ukurannya gede jadi gak bisa masuk saku;general negatif;ukur masuk saku;0
menyesal beli iphone 11 sebab super berat untuk tangan saya;general negatif;sesal beli super berat tangan;-6
desain hp nya mengkilap jadi gampang keliatan kalau ada lecet;general negatif;desain kilap gampang liat lecet;2
poni di atas layar mengganggu banget;general negatif;poni layar ganggu;-4
lebih suka android dah daripada iphone;general negatif;suka android;2
iphone tuh terlalu eksklusif jadi susah nyambung kemanamana ga kaya android;general negatif;tuh eksklusif susah nyambung kemanamana kaya android;1
wajar sih harga segini karena emang bagus banget;harga positif;wajar harga gin bagus;-1
gak menyesal beli iphone dengan harga segitu;harga positif;sesal beli harga segitu;-4
harganya wajar itung itung investasi;harga positif;harga wajar itung itung investasi;1
asli emang bener hp ini sesuai dengan harganya mantap emang;harga positif;asli sesuai harga mantap;13
harga nya setimpal untuk pemakaian jangka lama;harga positif;harga timpal pakai jangka;8
iPhone X kini jauh lebih murah;harga positif;murah;1
harga iphone x sudah lebih terjangkau;harga positif;harga jangkau;3
gue tiap tahun beli iphone tapi isi dompet gue masih aman ko;harga positif;gue beli isi dompet gue aman;-4
puas banget sih harga segini apalagi dipake buat bisnis ga lemot;harga positif;puas harga gin bisnis lot;4
menurut gue harga iphone tuh sesuai sama kualitasnya;harga positif;gue harga tuh sesuai kualitas;10
harganya lumayan mahal sih untuk rakyat jelata kaya aku;harga negatif;harga lumayan mahal rakyat jelata kaya;-2
emang mahal sih hp dengan harga segini;harga negatif;mahal harga gin;4
harganya masih tetap mahal walaupun varian termurah;harga negatif;harga mahal varian murah;4
ga sanggup beli iphone 11 cuma bisa liat ulasannya aja;harga negatif;sanggup beli liat ulas;2
nabung satu abad baru bisa beli iphone 11;harga negatif;nabung abad beli;-1
harga iphone x sulit diterima akal;harga negatif;harga sulit terima akal;5
iphone 11 masih kemahalan banget padahal kualitasnya gak jauh beda sama iphone x;harga negatif;mahal kualitas beda;3
harganya mahal bikin ciut untuk membeli;harga negatif;harga mahal ciut beli;0
salah satu kelemahannya adalah harganya yang sangat mahal;harga negatif;salah lemah harga mahal;1
kapan lagi coba gua jual ginjal demi boba alias iphone11;harga negatif;coba jual ginjal boba alias;2
speknya mantap banget main pubg ga lemot;spesifikasi positif;speknya mantap main pubg lot;0
sistem operasinya bagus banget;spesifikasi positif;sistem operasi bagus;-5
speknya bagus jadi enak banget buat main game dan buat kerja;spesifikasi positif;speknya bagus enak main game kerja;3
suka banget ios pasti premium kualitasnya;spesifikasi positif;suka ios premium kualitas;8
puas banget sistem operasinya lebih kencang dan bebas hambatan;spesifikasi positif;puas sistem operasi kencang bebas hambat;-8
operasinya lancar banget membantu bisnis saya;spesifikasi positif;operasi lancar bantu bisnis;5
sistem operasi nya nyaman banget dipake dan ga lemot;spesifikasi positif;sistem operasi nyaman lot;-4
selalu lancar jaya dan nyaman banget gak pernah lemot;spesifikasi positif;lancar jaya nyaman lot;5
performa iphone x mumpuni banget gak usah diragukan lagi;spesifikasi positif;performa mumpuni ragu;-3
spesifikasi iphone x lebih unggul dari segi performa;spesifikasi positif;spesifikasi unggul segi performa;-1
kecewa karena gak ada pemindai sidik jari;spesifikasi negatif;kecewa pindai sidik jari;-4
RAM kecil banget kapasitasnya;spesifikasi negatif;ram kapasitas;3
ya sayangnya kaga ada memori eksternal;spesifikasi negatif;sayang kaga memori eksternal;0
kecewa banget beberapa fitur dihilangkan oleh iphone;spesifikasi negatif;kecewa fitur hilang;-1
kenapa kalo mau upgrade storage di icloud harus bayar;spesifikasi negatif;upgrade storage icloud bayar;-2
gaada tempat buat sd card ga kaya android;spesifikasi negatif;sd card kaya android;0
ribet banget harus pake splitter soalnya gabisa charge dan dengerin lagu secara bersamaan;spesifikasi negatif;ribet splitter gabisa charge dengerin lagu;1
kenapa sih pemindai sidik jarinya diilangin padahal hari gini kan pake masker mulu jadi ribet kalo pake pemindai wajah;spesifikasi negatif;pindai sidik jari diilangin gin masker mulu ribet pindai wajah;-7
sumpah ya kenapa iphone tuh ukuran RAM nya segede semut;spesifikasi negatif;tuh ukur ram gede semut;3
tibatiba disuruh install aplikasi absen sama sekolah tapi di iphone gabisa soalnya ram nya kecil;spesifikasi negatif;tibatiba suruh install aplikasi absen sekolah gabisa ram;-6
kamera nya cepet banget autofokus keren banget deh;kamera positif;kamera cepat autofokus keren deh;0
hasil fotonya lebih bagus daripada versi sebelumnya;kamera positif;hasil foto bagus versi;4
keren deh kamera nya walaupun minim cahaya tetep memuaskan banget hasil fotonya terang dan jelas;kamera positif;keren deh kamera minim cahaya tetep muas hasil foto terang;7
Wow bisa bikin video keren pake kamera depan;kamera positif;video keren kamera;0
hasil foto pake kamera iphone 11 bagus banget kaya pake kamera dslr;kamera positif;hasil foto kamera bagus kaya kamera dslr;4
kamera nya keren abis;kamera positif;kamera keren abis;-1
buat foto jarak jauh mantap banget ga burem sama sekali;kamera positif;foto jarak mantap burem;8
kalo soal kamera gak usah ragu lagi sama iphone;kamera positif;kamera ragu;-3
hasil foto udah kaya pake kamera level profesional;kamera positif;hasil foto udah kaya kamera level profesional;6
kameranya super bagus hasilnya kaya dilihat pake mata langsung;kamera positif;kamera super bagus hasil kaya lihat mata langsung;6
kalo mau foto jarak dekat kurang bagus nih lensa kamera nya;kamera negatif;foto jarak bagus lensa kamera;1
banyak yang ngeluh bentuk kamera nya kaya minuman bubble milk tea;kamera negatif;ngeluh bentuk kamera kaya minum bubble milk tea;-3
ribet dah kalo selfie pake iphone harus pake filter soalnya hasilnya terlalu realistis jadi gue keliatan jeleknya;kamera negatif;ribet foto filter hasil realistis gue liat jelek;2
gampang lecet kamera nya;kamera negatif;gampang lecet kamera;-3
kamera ip11 tuh hasil fotonya tuh warnanya jadi lebih kuning gitu aneh;kamera negatif;kamera ip tuh hasil foto tuh warna kuning aneh;2
hasil foto iphone 11 kurang bagus kalo gak ada cahaya matahari;kamera negatif;hasil foto bagus cahaya matahari;6
bagusan kamera samsung kemanamana daripada iphone x;kamera negatif;bagus kamera samsung kemanamana;-2
kamera swafoto iphone 11 kurang mantap nih autofokusnya;kamera negatif;kamera swafoto mantap autofokusnya;5
tingkat eksposur kamera ip11 kurang sempurna dibandingkan samsung s10;kamera negatif;tingkat eksposur kamera ip sempurna banding samsung;1
kalo foto didalem ruangan hasilnya kurang mantap nih;kamera negatif;foto dalem ruang hasil mantap;6
mantap deh baterai nya lebih hemat dari versi sebelumnya;baterai positif;mantap deh baterai hemat versi;3
pas awal pake tuh baterai hemat banget bisa tahan seharian;baterai positif;pas tuh baterai hemat tahan;0
baterainya tahan lama banget;baterai positif;baterai tahan;-4
baterai iphone 11 gue masih aman ko walaupun dipake sepuluh jam nonton video;baterai positif;baterai gue aman puluh jam nonton video;-3
lumayan awet sih baterenya dipake main pubg berjam jam;baterai positif;lumayan awet baterenya main pubg jam jam;3
gue tepuk tangan sih batere nya ada peningkatan dibanding versi sebelumnya;baterai positif;gue tepuk tangan batere tingkat banding versi;2
baterenya ga seburuk kata orangorang ko asal elu pakenya jangan jorok aja;baterai positif;baterenya buruk orangorang elu pakenya jorok;-9
enaknya ip11 tuh pas charge lumayan cepet penuh nya;baterai positif;enak ip tuh pas charge lumayan cepat penuh;3
kalo charge nya pake charger iphone yang sesuai mah pasti cepet penuh koo baterenya;baterai positif;charge charger sesuai mah cepat penuh koo baterenya;3
baterenya awet sih ga cepet kembung gitu;baterai positif;baterenya awet cepat kembung;1
sumpah ya charge hp lama banget keburu gajah bertelur;baterai negatif;charge keburu gajah telur;-3
lama banget bisa naik haji dulu kali yaa nunggu baterai penuh;baterai negatif;haji yaa nunggu baterai penuh;-2
makin lama dipake makin cepet habis baterainya;baterai negatif;cepat habis baterai;-3
menurut aku baterai nya kurang awet;baterai negatif;baterai awet;1
pengisian baterai hp tergolong lama;baterai negatif;isi baterai golong;-6
baterai nya ga bisa dicopot;baterai negatif;baterai copot;-5
satu hal yang agak mengecewakan adalah baterainya yang kurang awet;baterai negatif;kecewa baterai awet;1
batere iphone tuh jelek banget;baterai negatif;batere tuh jelek;-5
batere iphone ga seawet samsung apalagi sekarang covid sering main hp jadi boros banget;baterai negatif;batere awet samsung covid main boros;-1
ga awet bgt dah kalo gue pake iphone bisa dua sampe tiga kali charger dalam sehari;baterai negatif;awet gue sampe charger;4
wah bagus ini handphone pantas aja banyak yang nungguin;general positif;bagus handphone nungguin;-3
ga sia sia nungguin banget ip11 rilis keren bgt ternyata;general positif;nungguin ip rilis keren nyata;4
ukurannya ideal ya ga kegedean;general positif;ukur ideal gede;6
pilihan warnanya gemes gemes banget;general positif;pilih warna gemes gemes;-6
mewah yang ga lebay gitu nih ip11 asik;general positif;mewah lebay ip asik;0
I'm so in love with this phone;general positif;love;2
so good for gaming;general positif;good gaming;5
saatnya beralih ke ip11, bye handphone lama;general positif;alih ip bye handphone;-3
setelah baca baca review nya, hm lumayan juga jadi tertarik nih buat beli;general positif;baca baca review hm lumayan tarik beli;4
suka banget sama yang warna hijau, harus punya;general positif;suka warna hijau;5
ga suka ah mending beli merk lain aja;general negatif;suka ah beli merk;1
desainnya masih sama aja kaya yg sebelum sebelumnya bosan;general negatif;desain kaya bosan;4
kurang suka sama desain nya, masih kegedean, kenapa ga lebih slim;general negatif;suka desain gede slim;6
buat apasih make iphone, sistem operasinya ribet apalagi buat yg ga biasa pakai;general negatif;apasih make sistem operasi ribet pakai;-11
upgradenya ga terlalu banyak sih dibanding produk sebelumnya, ga terllau worth sih ya sepertinya;general negatif;upgradenya banding produk terllau banding;3
yaampun ip11 ga ada charger ga ada earphone nya dong, hft banget;general negatif;yaampun ip charger earphone hft;0
kenapa charger dan earphonenya ga include sih, percuma aja spesifikasi mantep, tapi part yg cukup pentingnya ga ada;general negatif;charger earphonenya include spesifikasi mantep part;3
ga pernah tertarik buat beli iphone deh sampai sekarang;general negatif;tarik beli deh;1
ip11 biasa aja sih menurut gue, kenapa pada bilang waw banget ya;general negatif;ip gue bilang waw;0
belum minat buat beli nih iphone 11, masih jelek menurut gue;general negatif;minat beli jelek gue;-2
harganya affordabe banget buat experience yg luar biasa;harga positif;harga affordabe experience;3
harganya okelah ya buat spesifikasi kaya gini;harga positif;harga oke spesifikasi kaya gin;8
terjangkau sih menurut gue harganya iphone 11 ini, sesuai sama spec;harga positif;jangkau gue harga sesuai spesifikasi;9
ada harga ada rupa ya coi, bagus sih ini produknya worth it buat harga segitu;harga positif;harga rupa coi bagus produk banding harga segitu;7
harga ip11 sesuai lah ya dengan kemampuan yang handphone ini bisa tunjukkan;harga positif;harga ip sesuai handphone;6
harganya ga mahal kok utnuk kualitas sebagus ini, kalo ada yg bilang mahal emang lu aja yg ga mampu beli;harga positif;harga mahal utnuk kualitas bagus bilang mahal beli;6
wah harganya cuma segitu? buat kualitas seperti ini? super worth it;harga positif;harga segitu kualitas super banding;5
ini hitungannya harganya masih murah sih untuk produk sebagus ini;harga positif;hitung harga murah produk bagus;6
iphone11, harganya sesuai kok sama spesifikasi dan produknya;harga positif;harga sesuai spesifikasi produk;12
harganya sesuai sama apa yang bakalan kita dapat, ga nyesel gais;harga positif;harga sesuai nyesel gais;1
Mahal banget sih ini ip11 buat produk kaya begini doang, masih banyak yg lebih murah;harga negatif;mahal ip produk kaya murah;5
ga worth it banget harganya;harga negatif;banding harga;3
buat apasih beli iphone mahal mahal, masih banyak produk yg lain yg lebih murah tapi tetap bagus;harga negatif;apasih beli mahal mahal produk murah bagus;-1
ini sih terlalu mahal buat handphone doang;harga negatif;mahal handphone;1
ga minat buat beli nih ip11 apalagi harganya selangit;harga negatif;minat beli ip harga langit;6
kenapa sih harga produk apple tuh mahal mahal banget;harga negatif;harga produk tuh mahal mahal;8
harganya ga affordable, sorry apple;harga negatif;harga affordable sorry;-1
apa harganya gabisa lebih murah ya, sebagus apasih sampai harganya segitu banget;harga negatif;harga gabisa murah bagus apasih harga segitu;-2
terlalu mahal ini harganya, ga bisa lebih murah apa iphone11;harga negatif;mahal harga murah;5
mending beli produk lain yang harganya lebih terjangkau tapi kualitasnya ga kalah jauh;harga negatif;beli produk harga jangkau kualitas kalah;5
keren juga nih ip11 pake ios terbaru;spesifikasi positif;keren ip ios;0
spesifikasinya asik nyaman buat dipake ngegame;spesifikasi positif;spesifikasi asik nyaman ngegame;11
chipset yang ada di ip11 ini bikin performanya jauh lebih enteng dibanding iphone sebelum-sebelumnya;spesifikasi positif;chipset ip performa enteng banding;2
apple processor is better than any android out there;spesifikasi positif;processor android;0
wahh mantap nih spesifikasinya iphone 11;spesifikasi positif;wahh mantap spesifikasi;8
ga heran sih nih iphone11 mantap, toh iosnya make yang terbaru;spesifikasi positif;heran mantap iosnya make;6
spesifikasi iphone11 mantap banget bisa dipake buat nyelam dengan aman;spesifikasi positif;spesifikasi mantap nyelam aman;8
suka banget sama spesifikasinya ga nyesel beli;spesifikasi positif;suka spesifikasi nyesel beli;-1
performanya jadi makin mantap dengan penggunaan ios terbaru didalam produk ip11 ini;spesifikasi positif;performa mantap ios produk ip;8
belum ada yang bisa nandingin processor yang dipunya apple;spesifikasi positif;nandingin processor;0
pilihan ram nya dikit banget, harusnya bisa lebih bervariasi;spesifikasi negatif;pilih ram dikit variasi;-6
kenapa ram nya cuma 4gb pengen yang lebih;spesifikasi negatif;ram gb ken;1
spesifikasinya masih kurang sih kalo menurut gue apalagi harganya juga mahal;spesifikasi negatif;spesifikasi gue harga mahal;7
masa ga ada fitur NFC nya sih percuma aja harga mahal tapi ga punya fitur yang lagi tren;spesifikasi negatif;fitur nfc harga mahal fitur tren;2
belum support 5g masih jelek;spesifikasi negatif;dukung g jelek;-1
spesifikasinya ga beda jauh sama produk sebelumnya masih biasa aja cenderung jelek;spesifikasi negatif;spesifikasi beda produk cenderung jelek;-3
belum ada fitur buat usb type c huh masih jelek;spesifikasi negatif;fitur usb type c huh jelek;-5
masih bnayak yang kurang nih spesifikasinya, belum terlalu oke;spesifikasi negatif;bnayak spesifikasi oke;5
apple ga up to date, masa belum support 5g sih;spesifikasi negatif;date dukung g;4
yah masih 4g coy, gausah dibeli lah, masih jelek;spesifikasi negatif;g coy gausah beli jelek;-10
wah ancur bgt nih ip11 kameranya auto mulus;kamera positif;ancur ip kamera auto mulus;-1
suka banget hasil pengambilan kameranya;kamera positif;suka hasil ambil kamera;0
fitur autofokusnya cakep banget cuy;kamera positif;fitur autofokusnya bagus cuy;-2
ip11 ini kameranya aku suka banget, hasilnya bagus;kamera positif;ip kamera suka hasil bagus;3
satu satunya alasan gue cinta bgt sama ip11 kameranya waw amazing;kamera positif;alas gue cinta ip kamera waw amazing;2
fitur night mode nya lumayan bgt dipake buat jepret jepret malem malem;kamera positif;fitur night mode lumayan jepret jepret malem malem;-3
hasil fotonya bagus banget sih, mendukung keestetikan gue;kamera positif;hasil foto bagus dukung estetik gue;12
kameranya oke, dipake buat foto dan video bagus;kamera positif;kamera oke foto video bagus;3
semenjak pake ip11 makin suka selfie deh kameranya bagus haha;kamera positif;semenjak ip suka foto deh kamera bagus;3
ga salah beli nih, kameranya gue suka;kamera positif;salah beli kamera gue suka;-3
jelek banget fitur night mode kamera nya banyak noise;kamera negatif;jelek fitur night mode kamera noise;-5
kameranya jelek kalo mau ngezoom pecah;kamera negatif;kamera jelek ngezoom pecah;-5
ga worth it sih kameranya, mendingan beli produk lain;kamera negatif;banding kamera mending beli produk;1
kameranya kurang banyak, ga memuaskan;kamera negatif;kamera muas;5
ah iphone 11 kameranya kurang baik dibanding yg lain;kamera negatif;ah kamera banding;0
kamera nya ga terlalu bagus sih, kalo dipake buat moto malam hasilnya jelek;kamera negatif;kamera bagus moto malam hasil jelek;-5
masih banyak produk lain yang kameranya lebih bagus dari ip11 nih, ga worth sih;kamera negatif;produk kamera bagus ip banding;1
kameranya kalo dipake buat foto indoor dgn pencahayaan yg kurang bad banget sih;kamera negatif;kamera foto indoor cahaya bad;-1
noise banget asli kalo dipake foto indoor malem malem, jelek;kamera negatif;noise asli foto indoor malem malem jelek;-2
kameranya masih jelek, masih banyak handphone murah yang kameranya good;kamera negatif;kamera jelek handphone murah kamera good;1
the battery is good cukup bertahan;baterai positif;baterai good tahan;1
lumayan kuat sih yang ini baterainya untuk intensitas pemakaian yang cukup tinggi;baterai positif;lumayan kuat baterai intensitas pakai;-5
aman sih ini baterainya, apalagi ada teknologi wireless charge;baterai positif;aman baterai teknologi wireless charge;-3
chipsetnya mantap banget jadi bikin iphone 11 hemat baterai;baterai positif;chipset mantap hemat baterai;3
iphone11 ini menggunakan chipset terkuat dan tercepat jadi sangat hemat baterai;baterai positif;chipset kuat cepat hemat baterai;-3
buat iphone 11 ini apple udah mengembangkan teknologi khusus yang bisa menekan pengonsumsian baterai jadi sepertinya jauh lebih hemat dari produk sebelumnya;baterai positif;udah kembang teknologi khusus tekan konsumsi baterai hemat produk;2
ip11 ini punya teknologi yang bisa menekan penggunaan daya sistem jadi walaupun kapasitasnya sedikit baterainya cukup tahan lama lho;baterai positif;ip teknologi tekan daya sistem kapasitas baterai tahan lho;-7
dibandingkan produk sebelumnya, produk apple yang ini baterai nya cukup tahan;baterai positif;banding produk produk baterai tahan;2
akhirnya apple ngembangin teknologi yang bikin baterainya lebih hemat;baterai positif;ngembangin teknologi baterai hemat;-2
udah coba pake handphone ini seharian tanpa ngecharge waw juga sama kemampuan konsumsi dayanya yg lebih kecil;baterai positif;udah coba handphone charge waw konsumsi daya;1
boros banget baterainya, masa kudu ngecas berkali kali sih;baterai negatif;boros baterai kudu ngecas kali;-8
harus banget bawa powerbank kemana mana ini mah, baterainya ga oke;baterai negatif;bawa powerbank mah baterai oke;-3
kenapa sih iphone tuh baterainya ga pernah bertahan lama;baterai negatif;tuh baterai tahan;-4
baterai nya boros, ga cocok buat orang yang pekerjaannya banyak menggunakan handphone;baterai negatif;baterai boros cocok orang kerja handphone;-5
ngecharge nya butuh watu lama ini iphone 11;baterai negatif;charge butuh watu;-8
ga keren banget masa charger bawaannya belum fast charging;baterai negatif;keren charger bawa cepat charger;-2
yaelah belum fast charging, lama nih kalo ngecharge pake charger bawaan, masa kudu beli charger yg lain lagi sih;baterai negatif;yaelah cepat charger charge charger bawa kudu beli charger;-3
butuh waku lama buat ngecharge kalo pake charger bawaan, daya nya masih kecil;baterai negatif;butuh waku charge charger bawa daya;-7
udah mahal begini masa chargernya blm fast charging sih, kecewa dah;baterai negatif;udah mahal chargernya cepat charger kecewa;1
kapasitas baterainya masih kalah dibanding produk lain yang lebih murah;baterai negatif;kapasitas baterai kalah banding produk murah;0
